course_id,prereq_id
AERO301,AERO101
AERO301,AERO102
AERO301,AERO201
AERO301,AERO202
AERO302,AERO101
AERO302,AERO102
AERO302,AERO201
AERO302,AERO202
AERO401,AERO101
AERO401,AERO102
AERO401,AERO201
AERO401,AERO202
AERO402,AERO101
AERO402,AERO102
AERO402,AERO201
AERO402,AERO202
AERO402,AERO301
AERO402,AERO302
AAAD386,AAAD101
AAAD386,AAAD130
AAAD401,ECON101
AAAD405,AAAD101
AAAD405,ARTH152
AAAD405,ARTH155
AAAD487,AAAD101
AAAD487,AAAD130
AMST903,AMST700
AMST903,AMST701
AMST903,AMST901
ANTH93,ANTH92
ANTH425,ANTH410
ANTH425,ANTH411
ANTH425,ANTH420
ANTH425,ANTH451
ANTH425,CLAR411
ANTH523,LING520
ANTH523,SPHS530
ANTH523,SPHS540
ANTH541,LING101
ANTH542,LING101
ANTH702,ANTH701
ANTH704,ANTH703
ANTH717,ANTH334
ANTH752,ANTH470
ANTH818,ANTH817
APPL115,APPL114
APPL115,APPL112
APPL116,APPL112
APPL240,115
APPL240,119
APPL260,CHEM102
APPL260,PHYS118
APPL285,APPL110
APPL285,PHYS114
APPL285,PHYS118
APPL385,MATH233
APPL412,APPL110
APPL420,CHEM261
APPL420,261H
APPL421,CHEM251
APPL421,CHEM262
APPL421,262H
APPL422,CHEM420
APPL422,CHEM481
APPL423,CHEM422
APPL430,MATH383
APPL435,119
APPL462,CHEM102
APPL462,PHYS118
APPL463,BMME209
APPL463,APPL260
APPL463,CHEM102
APPL463,PHYS115
APPL463,PHYS119
APPL470,CHEM482
APPL470,PHYS128
APPL472,CHEM482
APPL472,CHEM119
APPL473,CHEM470
APPL491L,APPL470
APPL491L,PHYS351
APPL492L,APPL491L
APPL492L,PHYS491L
APPL573,PHYS421
ARAB102,ARAB101
ARAB203,ARAB102
ARAB204,ARAB203
ARAB300,ARAB204
ARAB305,ARAB204
ARAB306,ARAB305
ARAB308,ARAB204
ARAB407,ARAB306
ARAB408,ARAB306
ARMY301,ARMY101
ARMY301,ARMY102
ARMY301,ARMY201
ARMY301,ARMY202
ARMY302,ARMY101
ARMY302,ARMY102
ARMY302,ARMY201
ARMY302,ARMY202
ARMY401,ARMY301
ARMY401,ARMY302
ARMY402,ARMY301
ARMY402,ARMY302
ARMY402,ARMY401
ARTH455,ARTH151
ARTH464,CLAR244
ARTH465,CLAR247
ARTH474,CLAR247
ARTH476,CLAR247
ARTH488,AAAD101
ARTH488,ARTH152
ARTH488,ARTH155
ARTH755,ARTH551
ARTH755,ARTH592
ASIA469,ECON400
ASIA469,ECON310
ASIA469,ECON410
ASIA469,ECON400
ASIA469,ECON310
ASIA469,ECON410
ASTR102,ASTR101
ASTR110,ASTR100
ASTR110,ASTR101
ASTR110,ASTR102
ASTR110,ASTR103
ASTR110,ASTR111
ASTR501,ASTR202
ASTR501,ASTR301
ASTR501,MATH383
ASTR501,PHYS331
ASTR502,ASTR202
ASTR503,ASTR202
ASTR503,ASTR301
ASTR503,MATH383
ASTR503,PHYS331
ASTR504,ASTR202
ASTR504,ASTR301
ASTR504,PHYS401
ASTR505,ASTR202
ASTR505,ASTR301
ASTR505,PHYS331
ASTR511,ASTR202
ASTR512,ASTR202
ASTR512,PHYS201
ASTR512,PHYS401
ASTR519,ASTR102
ASTR519,ASTR202
ASTR702,PHYS711
ASTR702,PHYS721
ASTR705,PHYS711
ASTR705,PHYS721
ASTR712,PHYS701
BIOC442,CHEM430
BIOC601,CHEM430
BIOC650,CHEM430
BIOC651,CHEM430
BIOC652,CHEM430
BIOC655,CHEM430
BIOC660,BIOC650
BIOC660,BIOC651
BIOC660,BIOC652
BIOC662,BIOC650
BIOC662,BIOC651
BIOC662,BIOC652
BIOC663A,BIOC650
BIOC663A,BIOC651
BIOC663A,BIOC652
BIOC663B,BIOC664
BIOC664,CHEM430
BIOC666,BIOC650
BIOC666,BIOC651
BIOC666,BIOC652
BIOC667,BIOC666
BIOC668,BIOC650
BIOC668,BIOC651
BIOC668,BIOC652
BIOC670,BIOC650
BIOC670,BIOC651
BIOC670,BIOC652
BIOC673,BIOC650
BIOC673,BIOC651
BIOC673,BIOC652
BIOC678,BIOC650
BIOC678,BIOC651
BIOC678,BIOC652
BIOC805,MATH231
BIOC805,MATH232
BIOC805,CHEM481
BIOC806,MATH231
BIOC806,MATH232
BIOC806,CHEM430
BCB555,COMP210
BCB555,COMP211
BCB555,COMP401
BCB555,COMP410
BCB555,MATH231
BCB555,BIOL452
BCB555,MATH553
BCB555,BIOL525
BCB731,BCB720
BCB731,BIOS661
BCB731,COMP755
BCB731,STOR665
BCB784,BIOS661
BCB784,BIOS663
BCB785,BIOS661
BCB785,BIOS673
BCB785,BIOS663
BIOL103,BIOL101
BIOL104,BIOL101
BIOL104,BIOL101L
BIOL104,BIOL102L
BIOL105L,BIOL101
BIOL105L,BIOL101L
BIOL105L,BIOL102L
BIOL201,BIOL101
BIOL201,CHEM101
BIOL201,CHEM102
BIOL201,BIOL101
BIOL201,CHEM101
BIOL201,CHEM102
BIOL202,BIOL101
BIOL202,CHEM101
BIOL202,CHEM102
BIOL202,BIOL101
BIOL202,CHEM101
BIOL202,CHEM102
BIOL204,BIOL103
BIOL205,BIOL202
BIOL205,BIOL202
BIOL211,BIOL201
BIOL211,BIOL202
BIOL213,BIOL101
BIOL214H,BIOL101
BIOL214H,MATH231
BIOL217,BIOL101
BIOL220,BIOL101
BIOL220,BIOL103
BIOL221,BIOL101
BIOL221L,BIOL101
BIOL222,BIOL101
BIOL224H,MATH231
BIOL224H,BIOL224L
BIOL224L,MATH231
BIOL224L,BIOL224H
BIOL226,MATH210
BIOL226,MATH232
BIOL226,BIOL226L
BIOL226L,MATH210
BIOL226L,MATH232
BIOL226L,BIOL226
BIOL240,BIOL103
BIOL250,BIOL104
BIOL252,BIOL101
BIOL252L,BIOL101
BIOL252L,BIOL101L
BIOL252L,BIOL102L
BIOL253L,BIOL252
BIOL253L,252L
BIOL253,BIOL252
BIOL253,252L
BIOL255,BIOL101
BIOL255L,BIOL101
BIOL255L,BIOL101L
BIOL255L,BIOL102L
BIOL260,BIOL104
BIOL271,BIOL101
BIOL271,BIOL101L
BIOL271,BIOL102L
BIOL271L,BIOL101
BIOL271L,BIOL101L
BIOL271L,BIOL102L
BIOL272,BIOL101
BIOL272,101L
BIOL272,102L
BIOL273,BIOL101
BIOL274,BIOL101
BIOL274,BIOL101L
BIOL274,BIOL102L
BIOL274L,BIOL101
BIOL274L,BIOL101L
BIOL274L,BIOL102L
BIOL277,BIOL101
BIOL277,BIOL101L
BIOL277,BIOL102L
BIOL278,BIOL101
BIOL278,BIOL101L
BIOL278,BIOL102L
BIOL293,BIOL201
BIOL293,BIOL202
BIOL293,BIOL103
BIOL293,BIOL104
BIOL295,BIOL101
BIOL395,BIOL201
BIOL395,BIOL202
BIOL395,BIOL220
BIOL395,BIOL240
BIOL395,BIOL250
BIOL395,BIOL260
BIOL402,BIOL205
BIOL402,BIOL103
BIOL402,BIOL104
BIOL402,BIOL220
BIOL402,BIOL240
BIOL405,BIOL103
BIOL405,BIOL104
BIOL409L,ARTS409
BIOL422,BIOL202
BIOL422,BIOL103
BIOL422,BIOL104
BIOL422,BIOL220
BIOL423,BIOL103
BIOL423,BIOL104
BIOL423,BIOL220
BIOL423L,BIOL103
BIOL423L,BIOL104
BIOL423L,BIOL220
BIOL424,BIOL201
BIOL424,BIOL202
BIOL425,BIOL202
BIOL425,BIOL103
BIOL425,BIOL104
BIOL425,BIOL220
BIOL426,BIOL205
BIOL426,BIOL103
BIOL426,BIOL104
BIOL426,BIOL240
BIOL427,BIOL201
BIOL427,BIOL202
BIOL427,BIOL103
BIOL427,BIOL104
BIOL428,BIOL103
BIOL428,BIOL104
BIOL428,BIOL220
BIOL428,BIOL240
BIOL430,BIOL101
BIOL430,CHEM262
BIOL430,262H
BIOL431,PHYS118
BIOL431,PHYS119
BIOL434,BIOL202
BIOL434,CHEM261
BIOL434,BIOL103
BIOL434,BIOL104
BIOL434,BIOL220
BIOL434,CHEM261
BIOL436,BIOL202
BIOL436,BIOL271
BIOL436,BIOL103
BIOL436,BIOL104
BIOL436,BIOL220
BIOL439,BIOL205
BIOL439,BIOL103
BIOL439,BIOL104
BIOL439,BIOL240
BIOL440,BIOL202
BIOL440,BIOL103
BIOL440,BIOL104
BIOL440,BIOL220
BIOL440,BIOL240
BIOL441,BIOL103
BIOL441,BIOL104
BIOL441,BIOL240
BIOL441,BIOL252
BIOL442,BIOL205
BIOL442,BIOL103
BIOL442,BIOL104
BIOL442,BIOL220
BIOL442,BIOL240
BIOL443,BIOL205
BIOL443,BIOL103
BIOL443,BIOL104
BIOL443,BIOL220
BIOL443,BIOL240
BIOL444,BIOL103
BIOL444,BIOL104
BIOL444,BIOL240
BIOL445,BIOL205
BIOL445,BIOL103
BIOL445,BIOL104
BIOL445,BIOL220
BIOL445,BIOL240
BIOL446,BIOL103
BIOL446,BIOL104
BIOL446,BIOL240
BIOL447,BIOL205
BIOL447,BIOL103
BIOL447,BIOL104
BIOL447,BIOL240
BIOL447,BIOL447L
BIOL447L,BIOL205
BIOL447L,BIOL103
BIOL447L,BIOL104
BIOL447L,BIOL240
BIOL447L,BIOL447
BIOL448,BIOL205
BIOL448,BIOL103
BIOL448,BIOL104
BIOL448,BIOL240
BIOL449,BIOL205
BIOL449,BIOL103
BIOL449,BIOL104
BIOL449,BIOL240
BIOL450,BIOL205
BIOL450,BIOL103
BIOL450,BIOL104
BIOL450,BIOL240
BIOL451,BIOL101
BIOL451,BIOL101L
BIOL451,BIOL102L
BIOL451,BIOL114
BIOL451,BIOL115
BIOL453,BIOL202
BIOL453,CHEM261
BIOL453,BIOL103
BIOL453,BIOL104
BIOL453,BIOL220
BIOL453,BIOL240
BIOL454,BIOL201
BIOL454,BIOL202
BIOL454,BIOL103
BIOL454,BIOL104
BIOL455,BIOL205
BIOL455,BIOL103
BIOL455,BIOL104
BIOL455,BIOL240
BIOL458,BIOL103
BIOL458,BIOL104
BIOL458,BIOL240
BIOL459,BIOL101
BIOL461,BIOL201
BIOL461,BIOL103
BIOL461,BIOL104
BIOL461,BIOL260
BIOL462,BIOL201
BIOL462,BIOL475
BIOL462,BIOL103
BIOL462,BIOL104
BIOL462,BIOL260
BIOL463,BIOL103
BIOL463,BIOL104
BIOL463,BIOL260
BIOL464,BIOL103
BIOL464,BIOL104
BIOL464,BIOL260
BIOL465,BIOL201
BIOL465,BIOL103
BIOL465,BIOL104
BIOL465,BIOL260
BIOL466,BIOL103
BIOL466,BIOL104
BIOL469,BIOL201
BIOL469,BIOL103
BIOL469,BIOL104
BIOL471,BIOL201
BIOL471,BIOL202
BIOL471,BIOL103
BIOL471,BIOL104
BIOL471,BIOL471L
BIOL471L,BIOL201
BIOL471L,BIOL202
BIOL471L,BIOL103
BIOL471L,BIOL104
BIOL471L,BIOL471
BIOL472,BIOL103
BIOL472,BIOL104
BIOL472,BIOL271
BIOL472,BIOL272
BIOL473,BIOL103
BIOL473,BIOL104
BIOL474,BIOL201
BIOL474,BIOL202
BIOL474,BIOL103
BIOL474,BIOL104
BIOL475,BIOL101
BIOL475,BIOL101L
BIOL475,BIOL102L
BIOL475,BIOL475L
BIOL475L,BIOL101
BIOL475L,BIOL101L
BIOL475L,BIOL102L
BIOL475L,BIOL475
BIOL476,BIOL101
BIOL476,BIOL101L
BIOL476,BIOL102L
BIOL480,BIOL202
BIOL480,BIOL103
BIOL480,BIOL104
BIOL481,BIOL422
BIOL481,MCRO251
BIOL495,BIOL395
BIOL514,BIOL201
BIOL514,BIOL205
BIOL514,BIOL103
BIOL514,BIOL104
BIOL523,BIOL202
BIOL523,BIOL205
BIOL523,BIOL103
BIOL523,BIOL104
BIOL524,BIOL103
BIOL524,BIOL104
BIOL524,BIOL240
BIOL525,BIOL202
BIOL525,BIOL103
BIOL525,BIOL104
BIOL525,BIOL220
BIOL525,COMP110
BIOL525,COMP116
BIOL525,STOR120
BIOL525,STOR155
BIOL525,BIOL525L
BIOL525L,BIOL202
BIOL525L,BIOL103
BIOL525L,BIOL104
BIOL525L,BIOL220
BIOL525L,COMP110
BIOL525L,COMP116
BIOL525L,STOR120
BIOL525L,STOR155
BIOL525L,BIOL525
BIOL526,BIOL103
BIOL526,BIOL104
BIOL526,BIOL220
BIOL526,COMP110
BIOL526,COMP116
BIOL526,BIOL226
BIOL526,STOR120
BIOL526,STOR155
BIOL527,BIOL103
BIOL527,BIOL104
BIOL527,COMP110
BIOL527,COMP116
BIOL527,MATH232
BIOL528,BIOL202
BIOL528,BIOL103
BIOL528,BIOL104
BIOL528,BIOL220
BIOL528,COMP110
BIOL528,COMP116
BIOL528,BIOL226
BIOL528,BIOL528L
BIOL528L,BIOL202
BIOL528L,BIOL103
BIOL528L,BIOL104
BIOL528L,BIOL220
BIOL528L,COMP110
BIOL528L,COMP116
BIOL528L,BIOL226
BIOL528L,BIOL528
BIOL529,BIOL425
BIOL532,BIOL103
BIOL532,BIOL104
BIOL532,BIOL220
BIOL534,MATH383
BIOL534,MATH347
BIOL535,BIOL103
BIOL535,BIOL104
BIOL535,BIOL220
BIOL537,BIOL202
BIOL537,BIOL103
BIOL537,BIOL104
BIOL537,BIOL220
BIOL542,BIOL205
BIOL542,BIOL103
BIOL542,BIOL104
BIOL542,BIOL240
BIOL543,BIOL205
BIOL543,BIOL103
BIOL543,BIOL104
BIOL543,BIOL220
BIOL543,BIOL240
BIOL544L,BIOL205
BIOL544L,BIOL103
BIOL544L,BIOL104
BIOL544L,BIOL240
BIOL545,BIOL205
BIOL545,BIOL103
BIOL545,BIOL104
BIOL545,BIOL220
BIOL545,BIOL240
BIOL546,BIOL205
BIOL546,BIOL103
BIOL546,BIOL104
BIOL546,BIOL240
BIOL547,BIOL202
BIOL547,BIOL103
BIOL547,BIOL104
BIOL547,BIOL220
BIOL547,BIOL240
BIOL551,BIOL103
BIOL551,BIOL104
BIOL551,PHYS114
BIOL551,PHYS118
BIOL552,BIOL103
BIOL552,BIOL104
BIOL552,BIOL278
BIOL553,BIOL201
BIOL553,BIOL202
BIOL553,BIOL103
BIOL553,BIOL104
BIOL553,MATH231
BIOL553,MATH232
BIOL553,STOR120
BIOL553,STOR155
BIOL553,BIOL553L
BIOL553,MATH553L
BIOL553L,BIOL201
BIOL553L,BIOL202
BIOL553L,BIOL103
BIOL553L,BIOL104
BIOL553L,MATH231
BIOL553L,MATH232
BIOL553L,STOR120
BIOL553L,STOR155
BIOL553L,BIOL553
BIOL553L,MATH553
BIOL554,BIOL103
BIOL554,BIOL104
BIOL554,BIOL220
BIOL554,BIOL250
BIOL554,MATH231
BIOL554,COMP110
BIOL554,COMP116
BIOL554,BIOL226
BIOL555,BIOL103
BIOL555,BIOL104
BIOL555,BIOL250
BIOL555,BIOL271
BIOL555,BIOL555L
BIOL555L,BIOL103
BIOL555L,BIOL104
BIOL555L,BIOL250
BIOL555L,BIOL271
BIOL555L,BIOL555
BIOL561,GEOG110
BIOL561,BIOL103
BIOL561,BIOL104
BIOL561,BIOL260
BIOL562,BIOL103
BIOL562,BIOL104
BIOL562,STOR120
BIOL562,STOR155
BIOL563,BIOL103
BIOL563,BIOL104
BIOL563,MATH231
BIOL563,STOR120
BIOL563,STOR155
BIOL565,BIOL103
BIOL565,BIOL104
BIOL565,BIOL250
BIOL565,BIOL260
BIOL567,BIOL103
BIOL567,BIOL104
BIOL567,BIOL250
BIOL567,BIOL260
BIOL568,BIOL201
BIOL568,MATH231
BIOL568,BIOL103
BIOL568,BIOL104
BIOL568,BIOL260
BIOL568,MATH231
BIOL605,BIOL201
BIOL605,BIOL202
BIOL620,BIOL103
BIOL620,BIOL104
BIOL620,BIOL220
BIOL621,BIOL202
BIOL621,BIOL220
BIOL622,BIOL621
BIOL642,BIOL205
BIOL642,BIOL240
BIOL649,BIOL205
BIOL649,BIOL240
BIOL661,BIOL260
BIOL669,BIOL201
BIOL669,BIOL260
BIOL758,BIOL471
BIOL832,BIOL202
BIOL841,BIOL205
BIOL855,BIOL475
BIOL858,BIOL451
BIOL861,STOR155
BMME150,CHEM102
BMME150,MATH383
BMME150,MATH119
BMME160,MATH232
BMME160,MATH118
BMME207,119
BMME215L,BMME160
BMME217L,119
BMME219L,BMME150
BMME301,BIOL101L
BMME301,BMME207
BMME301,BMME201
BMME301,COMP116
BMME302,BIOL101
BMME302,BMME160
BMME302,BMME205
BMME302,BMME150
BMME302,BMME209
BMME315,BMME201
BMME315,COMP116
BMME315,MATH383
BMME325,CHEM261
BMME325,BMME150
BMME325,BMME209
BMME335,BIOL101
BMME335,BMME209
BMME335,BMME150
BMME345,BMME160
BMME345,BMME205
BMME345,215L
BMME345,BMME150
BMME345,BMME209
BMME345,219L
BMME345,BMME201
BMME345,COMP116
BMME375,BMME201
BMME375,COMP116
BMME385,BMME207
BMME385,BMME217L
BMME385,BMME201
BMME385,COMP116
BMME386,BMME385
BMME398,BMME298
BMME405,BMME160
BMME405,BMME205
BMME405,MATH383
BMME435,PHYS118
BMME435,PHYS119
BMME441,MATH233
BMME441,MATH119
BMME445,BMME301
BMME445,BIOL252
BMME447,BMME301
BMME447,BMME345
BMME455,BMME315
BMME455,BMME205
BMME455,BMME160
BMME461,BMME365
BMME470,BMME335
BMME470,BMME302
BMME470,BIOL252
BMME485,BMME325
BMME486,BMME386
BMME505,BMME160
BMME505,MATH383
BMME511,BMME301
BMME511,BMME302
BMME511,BMME315
BMME511,BMME325
BMME511,BMME420
BMME511,BIOL202
BMME523,BMME325
BMME523,CHEM430
BMME524,BMME325
BMME524,CHEM430
BMME524,BMME420
BMME524,BMME511
BMME527,BMME325
BMME527,CHEM430
BMME527,BMME301
BMME527,BMME302
BMME550,PHYS128
BMME560,PHYS128
BMME575,COMP116
BMME575,MATH233
BMME576,COMP116
BMME576,COMP210
BMME576,COMP401
BMME576,MATH233
BMME581,BMME375
BMME581,BMME385
BMME697,BMME398
BMME697,BMME301
BMME697,BMME302
BMME698,BMME398
BMME698,BMME301
BMME698,BMME302
BMME775,MATH233
BMME775,MATH347
BMME775,STOR435
BMME810,BMME550
BMME810,BMME560
BIOS500H,MATH231
BIOS500H,MATH232
BIOS611,MATH232
BIOS611,STOR151
BIOS635,BIOS512
BIOS635,BIOS650
BIOS642,BIOS641
BIOS645,BIOS600
BIOS645,SPHG711
BIOS661,BIOS660
BIOS664,BIOS650
BIOS665,BIOS645
BIOS665,BIOS650
BIOS665,BIOS662
BIOS667,BIOS663
BIOS668,BIOS645
BIOS668,BIOS650
BIOS669,BIOS511
BIOS669,EPID700
BIOS673,BIOS660
BIOS673,BIOS661
BIOS680,BIOS661
BIOS700,BIOS760
BIOS700,BIOS761
BIOS700,BIOS762
BIOS700,BIOS767
BIOS735,BIOS660
BIOS735,BIOS661
BIOS735,BIOS662
BIOS735,BIOS663
BIOS752,BIOS600
BIOS752,BIOS661
BIOS756,BIOS661
BIOS759,BIOS661
BIOS759,BIOS663
BIOS760,BIOS661
BIOS761,BIOS760
BIOS762,BIOS661
BIOS762,BIOS663
BIOS762,BIOS577
BIOS762,BIOS760
BIOS764,BIOS664
BIOS765,BIOS661
BIOS765,BIOS663
BIOS765,BIOS665
BIOS767,BIOS661
BIOS767,BIOS762
BIOS771,BIOS670
BIOS773,BIOS761
BIOS773,BIOS762
BIOS774,BIOS661
BIOS775,BIOS761
BIOS775,BIOS762
BIOS776,BIOS661
BIOS776,BIOS663
BIOS779,BIOS762
BIOS780,BIOS760
BIOS780,BIOS761
BIOS781,BIOS661
BIOS781,BIOS663
BIOS782,BIOS760
BIOS784,BIOS661
BIOS784,BIOS663
BIOS785,BIOS661
BIOS785,BIOS673
BIOS785,BIOS663
BIOS791,BIOS761
BIOS842,BIOS511
BIOS842,BIOS645
BIOS842,BIOS650
BIOS842,BIOS841
BIOS844,BIOS841
BCS402,BCS401
BCS403,BCS402
BCS404,BCS403
BCS405,BCS404
BCS406,BCS405
BUSI305,GERM204
BUSI402,ECON101
BUSI408,ECON101
BUSI409,BUSI408
BUSI410,STOR155
BUSI463,ENEC201
BUSI502,BUSI408
BUSI504,BUSI500
BUSI511,BUSI506
BUSI512,BUSI503
BUSI517,BUSI408
BUSI518,BUSI502
BUSI518,BUSI517
BUSI525,BUSI401
BUSI532,BUSI403
BUSI533,BUSI403
BUSI536,BUSI403
BUSI537,BUSI403
BUSI538,BUSI403
BUSI539,BUSI403
BUSI545,BUSI405
BUSI547,BUSI405
BUSI555,BUSI405
BUSI558,BUSI406
BUSI562,BUSI406
BUSI565,BUSI406
BUSI566,BUSI406
BUSI567,BUSI406
BUSI568,MATH152
BUSI568,STOR113
BUSI568,STOR155
BUSI574,BUSI407
BUSI575,BUSI407
BUSI575,BUSI408
BUSI580,BUSI408
BUSI581,BUSI408
BUSI583,BUSI407
BUSI583,BUSI408
BUSI584,BUSI408
BUSI586,BUSI408
BUSI587,BUSI408
BUSI588,BUSI408
BUSI589,BUSI408
BUSI591,BUSI408
BUSI592,BUSI408
BUSI592,BUSI601
BUSI592,BUSI603
BUSI597,BUSI408
BUSI598,BUSI408
BUSI598,BUSI580
BUSI598,BUSI588
BUSI600,BUSI408
BUSI601,BUSI408
BUSI603,BUSI408
BUSI604,BUSI408
BUSI605,BUSI601
BUSI605,BUSI603
BUSI605,BUSI604
BUSI606,BUSI408
BUSI607,BUSI408
BUSI617,BUSI406
BUSI618,BUSI408
BUSI688,BUSI408
BUSI688,BUSI588
BUSI692H,BUSI691H
BUSI704,BUSI701
BUSI704,BUSI702
BUSI704,BUSI703
BUSI831,BUSI830
BUSI832,BUSI830
BUSI861,BUSI860
BUSI881,BUSI880
BUSI891,BUSI890
BUSI892,BUSI890
BUSI892,BUSI891
CBPH791,BIOL474
CBPH791,474L
CBPH793,CBIO607
CBPH793,CBPH791
CBMC804A,CHEM466
CBMC804A,CHEM601
CBMC805,MATH231
CBMC805,MATH232
CBMC805,CHEM481
CBMC807,CHEM262
CHEM100,MATH110
CHEM101,MATH110
CHEM102,CHEM101
CHEM102,101L
CHEM102,CHEM101
CHEM102L,CHEM101L
CHEM200,MATH110
CHEM241,CHEM102
CHEM241,102H
CHEM241L,CHEM102L
CHEM245L,CHEM102L
CHEM251,CHEM102
CHEM251,102H
CHEM261,CHEM102
CHEM261,102H
CHEM262,CHEM261
CHEM262,261H
CHEM262L,CHEM102L
CHEM262L,CHEM241L
CHEM262L,245L
CHEM291,CHEM102
CHEM291,102H
CHEM291,MATH231
CHEM291,EDUC150
CHEM295,CHEM101
CHEM410,CHEM241
CHEM410,CHEM251
CHEM410,CHEM262
CHEM410,262L
CHEM420,CHEM261
CHEM420,261H
CHEM421,CHEM251
CHEM421,CHEM262
CHEM421,262H
CHEM422,CHEM420
CHEM422,CHEM481
CHEM423,CHEM422
CHEM425,CHEM421
CHEM425,CHEM422
CHEM430,BIOL101
CHEM430,CHEM262
CHEM430,262H
CHEM431,CHEM430
CHEM431,BIOL103
CHEM431,BIOL202
CHEM432,CHEM430
CHEM441,CHEM241
CHEM441,241L
CHEM441,262
CHEM441,480
CHEM441,481
CHEM443,CHEM441
CHEM443,CHEM481
CHEM444,CHEM441
CHEM444,CHEM480
CHEM444,CHEM481
CHEM445,CHEM480
CHEM445,CHEM481
CHEM445,CHEM441
CHEM446,CHEM441
CHEM446,CHEM482
CHEM447,CHEM441
CHEM448,CHEM480
CHEM448,CHEM481
CHEM448,CHEM441
CHEM449,CHEM441
CHEM450,CHEM251
CHEM451,CHEM262
CHEM451,262H
CHEM451,450
CHEM452,CHEM451
CHEM453,CHEM465
CHEM460,CHEM262
CHEM460,262H
CHEM463,CHEM262
CHEM463,CHEM430
CHEM465,CHEM450
CHEM466,CHEM460
CHEM467,CHEM466
CHEM468,CHEM466
CHEM469,CHEM450
CHEM469,CHEM466
CHEM470,CHEM482
CHEM470,PHYS128
CHEM472,CHEM482
CHEM472,CHEM119
CHEM473,CHEM470
CHEM480,CHEM261
CHEM480,261H
CHEM480,MATH232
CHEM480,MATH115
CHEM480,MATH119
CHEM481,CHEM102
CHEM481,102H
CHEM481,PHYS118
CHEM482,CHEM481
CHEM482L,CHEM482
CHEM484,CHEM482
CHEM485,CHEM481
CHEM485,CHEM482
CHEM486,CHEM481
CHEM486,CHEM482
CHEM487,CHEM486
CHEM488,CHEM486
CHEM489,CHEM484
CHEM530L,BIOL202
CHEM530L,CHEM430
CHEM550L,CHEM241L
CHEM550L,245L
CHEM550L,251
CHEM550L,262L
CHEM551L,CHEM262L
CHEM551L,CHEM251
CHEM692H,CHEM395
CHEM730,CHEM430
CHEM765,CHEM466
CHEM993,CHEM921
CHEM993,CHEM931
CHEM993,CHEM941
CHEM993,CHEM951
CHEM993,CHEM961
CHEM993,CHEM981
CHEM994,CHEM921
CHEM994,CHEM931
CHEM994,CHEM941
CHEM994,CHEM951
CHEM994,CHEM961
CHEM994,CHEM981
CHER102,CHER101
CHER203,CHER102
CHER204,CHER203
CHER305,CHER204
CHWA402,CHWA401
CHWA403,CHWA402
CHIN102,CHIN101
CHIN203,CHIN102
CHIN204,CHIN203
CHIN212,CHIN111
CHIN253,CHIN102
CHIN253,CHIN111
CHIN305,CHIN204
CHIN306,CHIN305
CHIN308,CHIN212
CHIN308,CHIN305
CHIN313,CHIN212
CHIN407,CHIN306
CHIN408,CHIN407
CHIN521,CHIN408
CHIN521,CHIN313
CHIN525,CHIN408
CHIN525,CHIN313
CHIN590,CHIN408
CHIN590,CHIN313
CHIN624,CHIN313
CHIN624,CHIN408
CHIN631,CHIN313
CHIN631,CHIN408
PLAN491,GEOG370
PLAN591,GEOG370
PLAN591,GEOG491
PLAN671,PLAN720
PLAN671,ECON400
PLAN671,BIOS600
PLAN671,ENEC562
PLAN671,STOR155
PLAN671,PLCY460
PLAN738,PLAN636
PLAN785,PLAN710
PLAN789,PLCY888
CLAR464,CLAR244
CLAR465,CLAR247
CLAR474,CLAR247
CLAR476,CLAR247
CLAR480,CLAR242
CLAR480,CLAR247
CLAR491,CLAR243
CLAR491,CLAR244
CLAS511,GREK204
CLAS511,LATN204
CLSC540L,CLSC440
CLSC542L,CLSC440
CLSC550L,CLSC450
CLSC560L,CLSC462
CLSC570L,CLSC470
CLSC580L,CLSC480
CLSC580L,480L
CLSC582L,CLSC480
CLSC695,CLSC630
CLSC695,CLSC730
CLSC720,CLSC710
CLSC722,CLSC710
CLSC730,CLSC708
CLSC735,CLSC730
CLSC735,CLSC772
CLSC772,CLSC708
CLSC790,CLSC780
CRMH712,CRMH700
CRMH712,CRMH702
CRMH800,CRMH700
CRMH800,CRMH702
CRMH822,CRMH702
COMM142,COMM140
COMM223,COMM120
COMM230,COMM130
COMM230,COMM140
COMM230,COMM130
COMM312,COMM120
COMM325,COMM120
COMM334,COMM330
COMM360,COMM140
COMM422,COMM120
COMM431,COMM130
COMM431,COMM150
COMM431,COMM130
COMM432,COMM140
COMM433,COMM131
COMM437,COMM160
COMM450,COMM140
COMM453,COMM140
COMM455,COMM140
COMM463,COMM160
COMM463,DRAM120
COMM463,ENGL206
COMM463,ENGL207
COMM463,ENGL208
COMM466,COMM160
COMM472,COMM170
COMM500,COMM170
COMM523,COMM120
COMM524,COMM224
COMM525,COMM120
COMM525,COMM325
COMM526,COMM325
COMM527,COMM325
COMM534,COMM230
COMM535,COMM131
COMM535,COMM330
COMM535,ENGL130
COMM535,132H
COMM537,COMM433
COMM561,COMM160
COMM564,COMM160
COMM568,COMM160
COMM571,COMM170
COMM572,COMM170
COMM573,COMM170
COMM575,COMM170
COMM620,COMM120
COMM622,COMM130
COMM635,COMM230
COMM638,COMM150
COMM640,COMM638
COMM642,COMM350
COMM644,COMM230
COMM645,COMM140
COMM646,COMM130
COMM646,COMM150
COMM646,COMM130
COMM647,COMM230
COMM647,COMM534
COMM647,COMM635
COMM647,COMM646
COMM647,COMM653
COMM647,COMM654
COMM650,COMM140
COMM652,COMM140
COMM653,COMM230
COMM654,COMM130
COMM654,COMM150
COMM654,COMM130
COMM655,COMM140
COMM656,COMM130
COMM657,ARTS105
COMM657,ARTS106
COMM657,ARTS209
COMM657,COMM130
COMM660,COMM160
COMM661,COMM160
COMM665,COMM61
COMM665,COMM62
COMM665,COMM63
COMM665,COMM160
COMM665,COMM260
COMM665,COMM262
COMM665,COMM263
COMM665,COMM464
COMM667,COMM160
COMM667,COMM260
COMM681,ARTH159
COMM681,COMM140
COMM681,ENGL142
COMM682,ARTH159
COMM682,COMM140
COMM682,ENGL142
COMM725,COMM525
COMM726,COMM525
COMM754,COMM700
COMM792,COMM700
COMM811,COMM571
COMM855,COMM755
COMM856,COMM700
COMM857,COMM700
CMPL460,ENGL105
CMPL692H,CMPL691H
COMP101,MATH110
COMP101,MATH130
COMP110,MATH130
COMP110,MATH152
COMP110,MATH210
COMP110,MATH231
COMP110,129P
COMP110,PHIL155
COMP110,STOR120
COMP110,STOR151
COMP110,STOR155
COMP116,MATH231
COMP210,COMP110
COMP210,MATH231
COMP210,COMP283
COMP210,MATH381
COMP211,COMP210
COMP211,COMP283
COMP211,MATH381
COMP283,MATH231
COMP293,MATH231
COMP293,COMP401
COMP293,COMP410
COMP293,COMP411
COMP293,COMP401
COMP293,COMP410
COMP293,COMP411
COMP301,COMP210
COMP301,COMP283
COMP301,MATH381
COMP311,COMP211
COMP388,COMP380
COMP393,COMP211
COMP393,COMP301
COMP393,COMP401
COMP393,COMP410
COMP393,COMP411
COMP401,MATH231
COMP410,MATH231
COMP410,COMP401
COMP411,MATH231
COMP411,COMP401
COMP421,COMP210
COMP421,COMP211
COMP421,COMP301
COMP421,COMP401
COMP421,COMP410
COMP421,COMP411
COMP426,COMP211
COMP426,COMP301
COMP426,COMP401
COMP426,COMP410
COMP431,COMP210
COMP431,COMP211
COMP431,COMP301
COMP431,COMP401
COMP431,COMP410
COMP431,COMP411
COMP433,COMP210
COMP433,COMP211
COMP433,COMP301
COMP433,COMP401
COMP433,COMP410
COMP433,COMP411
COMP435,COMP210
COMP435,COMP211
COMP435,COMP301
COMP435,COMP401
COMP435,COMP410
COMP435,COMP411
COMP447,MATH232
COMP447,MATH118
COMP455,COMP210
COMP455,COMP410
COMP455,COMP283
COMP455,MATH381
COMP475,COMP210
COMP475,COMP211
COMP475,COMP301
COMP475,COMP401
COMP475,COMP410
COMP475,COMP411
COMP486,COMP110
COMP486,COMP116
COMP486,COMP210
COMP486,COMP410
COMP520,COMP301
COMP520,COMP311
COMP520,COMP455
COMP520,COMP410
COMP520,COMP411
COMP520,COMP455
COMP523,COMP301
COMP523,COMP311
COMP523,COMP401
COMP523,COMP410
COMP523,COMP411
COMP523,COMP421
COMP523,COMP426
COMP523,COMP431
COMP523,COMP433
COMP523,COMP520
COMP523,COMP530
COMP523,COMP535
COMP523,COMP575
COMP523,COMP580
COMP524,COMP301
COMP524,COMP311
COMP524,COMP455
COMP524,COMP401
COMP524,COMP410
COMP524,COMP411
COMP524,COMP455
COMP530,COMP301
COMP530,COMP311
COMP530,COMP401
COMP530,COMP410
COMP530,COMP411
COMP533,COMP431
COMP533,COMP524
COMP533,COMP530
COMP535,COMP301
COMP535,COMP311
COMP535,COMP401
COMP535,COMP410
COMP535,COMP411
COMP535,COMP550
COMP535,COMP283
COMP535,MATH381
COMP537,COMP211
COMP537,COMP301
COMP541,COMP301
COMP541,COMP311
COMP541,COMP401
COMP541,COMP410
COMP541,COMP411
COMP545,COMP301
COMP545,COMP311
COMP545,COMP411
COMP550,COMP211
COMP550,COMP301
COMP550,COMP410
COMP555,COMP210
COMP555,COMP211
COMP555,COMP401
COMP555,COMP410
COMP555,MATH231
COMP555,BIOL452
COMP555,MATH553
COMP555,BIOL525
COMP560,COMP211
COMP560,COMP301
COMP560,COMP401
COMP560,COMP410
COMP560,MATH231
COMP562,COMP211
COMP562,COMP301
COMP562,COMP401
COMP562,COMP410
COMP562,MATH233
COMP562,MATH347
COMP562,STOR435
COMP572,COMP301
COMP572,COMP401
COMP572,COMP410
COMP572,MATH347
COMP572,MATH577
COMP575,COMP301
COMP575,COMP311
COMP575,COMP401
COMP575,COMP410
COMP575,COMP411
COMP575,MATH347
COMP575,MATH577
COMP576,COMP116
COMP576,COMP210
COMP576,COMP401
COMP576,MATH233
COMP580,COMP211
COMP580,COMP301
COMP580,COMP401
COMP580,COMP410
COMP581,COMP301
COMP581,COMP311
COMP581,COMP401
COMP581,COMP410
COMP581,COMP411
COMP585,COMP301
COMP585,COMP311
COMP585,COMP401
COMP585,COMP410
COMP585,COMP411
COMP585,COMP421
COMP585,COMP426
COMP585,COMP431
COMP585,COMP433
COMP585,COMP520
COMP585,COMP523
COMP585,COMP530
COMP585,COMP535
COMP585,COMP575
COMP590,COMP211
COMP590,COMP301
COMP630,COMP530
COMP631,COMP431
COMP631,COMP530
COMP635,COMP431
COMP636,COMP431
COMP636,COMP530
COMP651,COMP550
COMP662,MATH661
COMP664,COMP562
COMP664,COMP755
COMP664,STOR565
COMP664,STOR347
COMP664,STOR577
COMP664,MATH233
COMP664,MATH522
COMP672,STOR555
COMP672,STOR641
COMP720,COMP455
COMP720,COMP520
COMP720,COMP524
COMP721,550
COMP722,COMP550
COMP722,STOR435
COMP723,COMP524
COMP723,COMP550
COMP724,COMP455
COMP724,COMP520
COMP724,COMP524
COMP730,COMP530
COMP734,COMP431
COMP735,COMP530
COMP735,COMP550
COMP737,COMP530
COMP740,COMP411
COMP740,PHYS352
COMP741,COMP411
COMP744,COMP740
COMP750,COMP455
COMP750,COMP550
COMP752,COMP825
COMP755,MATH347
COMP755,MATH577
COMP755,STOR435
COMP763,COMP724
COMP764,COMP110
COMP764,MATH233
COMP764,MATH418
COMP764,STOR435
COMP766,MATH233
COMP767,COMP575
COMP767,COMP770
COMP767,MATH661
COMP768,COMP665
COMP770,COMP665
COMP770,COMP761
COMP775,MATH233
COMP775,MATH347
COMP775,STOR435
COMP776,MATH566
COMP776,COMP550
COMP776,COMP665
COMP776,COMP775
COMP777,MATH233
COMP777,MATH347
COMP777,MATH535
COMP777,STOR435
COMP781,COMP550
COMP781,MATH347
COMP782,COMP550
COMP786,COMP562
COMP787,COMP665
COMP788,COMP750
COMP822,STOR712
COMP824,COMP524
COMP825,COMP524
COMP831,COMP431
COMP832,COMP431
COMP832,COMP530
COMP841,COMP740
COMP842,COMP740
COMP844,COMP744
COMP850,COMP750
COMP870,COMP770
COMP872,COMP870
COMP875,COMP775
EURO442,ECON101
EURO442,POLI150
EURO460,ECON400
EURO460,ECON410
EURO460,ECON400
EURO460,ECON410
CZCH402,CZCH401
CZCH403,CZCH402
CZCH404,CZCH403
CZCH405,CZCH404
CZCH406,CZCH405
DHYG267,DHYG257
DHYG267,DHYG257L
DHYG267,DHYG253
DHYG267L,DHYG257
DHYG267L,257L
DHYG267L,253
DHYG357,DHYG257
DHYG357,DHYG257L
DHYG357,DHYG267
DHYG357,DHYG267L
DHYG357L,DHYG257
DHYG357L,257L
DHYG357L,267
DHYG357L,267L
DHYG362,DHYG352
DHYG367,DHYG257
DHYG367,257L
DHYG367,267
DHYG367,267L
DHYG367,357
DHYG367,357L
DHYG367L,DHYG257
DHYG367L,257L
DHYG367L,267
DHYG367L,267L
DHYG367L,357
DHYG367L,357L
DHYG377,DHYG257
DHYG377,257L
DHYG377,267
DHYG377,267L
DHYG377,357
DHYG377,357L
DHYG377,367
DHYG377,367L
DHYG377L,DHYG257
DHYG377L,257L
DHYG377L,267
DHYG377L,267L
DHYG377L,357
DHYG377L,357L
DHYG377L,367
DHYG377L,367L
DHYG379,DHYG269
DHYG691H,DHYG495
DHYG692H,DHYG495
DHYG692H,691H
DRAM150,DRAM120
DRAM220,DRAM120
DRAM240,DRAM140
DRAM245,DRAM135
DRAM245,DRAM150
DRAM250,DRAM150
DRAM255,DRAM155
DRAM260,DRAM160
DRAM281,DRAM120
DRAM281,DRAM220
DRAM282,DRAM120
DRAM282,DRAM220
DRAM283,DRAM120
DRAM300,DRAM120
DRAM331,DRAM231
DRAM350,DRAM250
DRAM474,DRAM473
DRAM586,DRAM192
DRAM650,DRAM192
DRAM667,DRAM192
DRAM692H,DRAM691H
DRAM760,DRAM473
DRAM762,DRAM473
DRAM764,DRAM473
DRAM764,DRAM474
DRAM764,DRAM760
DRAM764,DRAM762
DRAM800,DRAM491
DRAM805,DRAM192
DRAM843,DRAM841
DTCH403,DTCH402
DTCH404,DTCH403
DTCH405,DTCH404
EMES204,BIOL103
EMES301,EMES101
EMES301,EMES200
EMES302,EMES101
EMES302,EMES200
EMES303,EMES200
EMES303,EMES201
EMES304,EMES200
EMES304,EMES301
EMES306,EMES101
EMES306,EMES200
EMES306,EMES201
EMES310,EMES101
EMES310,EMES103
EMES310,EMES401
EMES320,PHYS114
EMES320,PHYS118
EMES320,MATH231
EMES352,EMES103
EMES352,EMES401
EMES352,ENEC202
EMES405,EMES101
EMES405,EMES200
EMES405,EMES201
EMES406,PHYS114
EMES406,PHYS118
EMES406,PHYS115
EMES406,PHYS119
EMES410,CHEM102
EMES410,MATH231
EMES410,PHYS115
EMES410,PHYS119
EMES411,BIOL101
EMES411,CHEM102
EMES411,ENEC222
EMES411,MATH231
EMES411,PHYS115
EMES411,PHYS119
EMES414,EMES201
EMES414,EMES324
EMES414,MATH232
EMES414,PHYS114
EMES414,PHYS118
EMES415,MATH383
EMES417,MATH231
EMES422,MATH383
EMES422,PHYS201
EMES422,PHYS211
EMES422,PHYS311
EMES422,PHYS401
EMES432,EMES303
EMES432,EMES306
EMES435,EMES324
EMES435,MATH232
EMES435,PHYS114
EMES435,PHYS118
EMES436,CHEM102
EMES436,MATH231
EMES438,EMES200
EMES438,EMES302
EMES438,MATH231
EMES448,CHEM102
EMES448,MATH231
EMES450,MATH231
EMES450,PHYS114
EMES450,PHYS118
EMES460,MATH232
EMES466,BIOL103
EMES466,BIOL104
EMES471,CHEM102
EMES471,MATH231
EMES485,EMES302
EMES485,EMES303
EMES485,EMES304
EMES486,EMES302
EMES486,EMES303
EMES486,EMES304
EMES504,EMES304
EMES508,EMES324
EMES508,MATH231
EMES511,CHEM102
EMES512,EMES310
EMES512,EMES417
EMES512,EMES503
EMES520,MATH231
EMES520,MATH232
EMES560,PHYS401
EMES561,MATH233
EMES567,EMES101
EMES567,EMES200
EMES567,EMES201
EMES608,EMES302
EMES608,PHYS114
EMES608,PHYS118
EMES692H,EMES691H
ECON290,ECON400
ECON290,ECON410
ECON292,ECON400
ECON292,ECON410
ECON310,ECON101
ECON325,ECON125
ECON327,ECON325
ECON328,ECON101
ECON328,ECON125
ECON328,ECON325
ECON345,ECON310
ECON345,ECON410
ECON362,ECON101
ECON370,ECON101
ECON380,ECON310
ECON380,ECON410
ECON393,ECON125
ECON393,ECON325
ECON394,ECON325
ECON394,ECON327
ECON400,ECON101
ECON400,MATH152
ECON400,MATH231
ECON400,MATH113
ECON410,ECON101
ECON410,MATH152
ECON410,MATH231
ECON410,MATH113
ECON411,ECON410
ECON411,COMP550
ECON411,POLI287
ECON411,POLI288
ECON415,ECON410
ECON416,ECON410
ECON420,ECON410
ECON423,ECON400
ECON423,ECON410
ECON423,ECON420
ECON423,ECON400
ECON423,ECON410
ECON425,ECON400
ECON425,ECON410
ECON425,ECON420
ECON425,ECON400
ECON425,ECON410
ECON434,ECON101
ECON434,ECON400
ECON434,ECON410
ECON434,ECON400
ECON434,ECON410
ECON436,ECON400
ECON436,ECON410
ECON440,ECON400
ECON440,ECON410
ECON440,ECON400
ECON440,ECON410
ECON445,ECON400
ECON445,ECON410
ECON445,ECON400
ECON445,ECON410
ECON450,ECON400
ECON450,ECON410
ECON450,ECON400
ECON450,ECON410
ECON452,ECON400
ECON452,ECON410
ECON455,ECON400
ECON455,ECON410
ECON455,ECON400
ECON455,ECON410
ECON460,ECON400
ECON460,ECON410
ECON460,ECON400
ECON460,ECON410
ECON461,ECON400
ECON461,ECON410
ECON461,ECON400
ECON461,ECON410
ECON465,ECON400
ECON465,ECON410
ECON465,ECON400
ECON465,ECON410
ECON468,ECON400
ECON468,ECON310
ECON468,ECON410
ECON468,ECON400
ECON468,ECON310
ECON468,ECON410
ECON469,ECON400
ECON469,ECON310
ECON469,ECON410
ECON469,ECON400
ECON469,ECON310
ECON469,ECON410
ECON470,ECON400
ECON470,ECON410
ECON470,ECON400
ECON470,ECON410
ECON480,ECON400
ECON480,ECON410
ECON480,ECON400
ECON480,ECON410
ECON485,ECON400
ECON485,ECON410
ECON485,ECON400
ECON485,ECON410
ECON486,ECON400
ECON486,ECON410
ECON486,ECON400
ECON486,ECON410
ECON490,ECON400
ECON490,ECON410
ECON490,ECON400
ECON490,ECON410
ECON493,ECON400
ECON493,ECON410
ECON493,ECON425
ECON493,ECON400
ECON493,ECON410
ECON496,ECON410
ECON496,ECON410
ECON510,ECON400
ECON510,ECON410
ECON510,ECON400
ECON510,ECON410
ECON511,ECON400
ECON511,ECON410
ECON520,ECON400
ECON520,ECON410
ECON520,ECON420
ECON520,ECON400
ECON520,ECON410
ECON522,ECON400
ECON522,ECON410
ECON522,ECON420
ECON525,ECON400
ECON525,ECON410
ECON525,ECON425
ECON525,ECON400
ECON525,ECON410
ECON540,ECON400
ECON540,ECON410
ECON540,ECON440
ECON540,ECON400
ECON540,ECON410
ECON545,ECON400
ECON545,ECON410
ECON545,ECON445
ECON545,ECON400
ECON545,ECON410
ECON550,ECON400
ECON550,ECON410
ECON550,ECON470
ECON550,ECON470
ECON550,ECON400
ECON550,ECON410
ECON551,ECON400
ECON551,ECON410
ECON551,ECON470
ECON552,ECON400
ECON552,ECON410
ECON552,ECON445
ECON552,ECON450
ECON560,ECON400
ECON560,ECON410
ECON560,ECON460
ECON560,ECON400
ECON560,ECON410
ECON565,ECON400
ECON565,ECON410
ECON571,ECON400
ECON571,ECON410
ECON571,ECON470
ECON571,ECON470
ECON571,ECON400
ECON571,ECON410
ECON573,ECON400
ECON573,ECON410
ECON573,ECON470
ECON573,ECON470
ECON573,ECON400
ECON573,ECON410
ECON575,ECON400
ECON575,ECON410
ECON575,ECON470
ECON575,ECON470
ECON575,ECON400
ECON575,ECON410
ECON580,ECON400
ECON580,ECON410
ECON580,ECON470
ECON586,ECON400
ECON586,ECON410
ECON586,ECON400
ECON586,ECON410
ECON590,ECON400
ECON590,ECON410
ECON590,ECON400
ECON590,ECON410
ECON596,ECON410
ECON596,ECON410
ECON692H,ECON691H
ECON698,PHIL384
ECON711,ECON710
ECON720,ECON700
ECON721,ECON720
ECON771,ECON770
ECON810,ECON710
ECON810,ECON711
ECON811,ECON810
ECON841,ECON840
ECON850,ECON710
ECON850,ECON771
ECON851,ECON710
ECON851,ECON771
ECON852,ECON847
ECON852,ECON848
ECON852,ECON873
ECON852,ECON880
ECON852,ECON881
ECON870,ECON770
ECON870,ECON771
ECON871,ECON770
ECON871,ECON771
ECON872,ECON870
ECON873,ECON870
ECON876,ECON871
ECON877,STOR634
ECON877,STOR635
ECON880,ECON710
EDUC404,EDUC401
EDUC422,EDUC421
EDUC469,EDUC465
EDUC469,EDUC466
EDUC472,EDUC257
EDUC519,EDUC593
EDUC551,EDUC550
EDUC552,EDUC551
EDUC556,EDUC555
EDUC557,EDUC556
EDUC568,EDUC465
EDUC568,EDUC466
EDUC568,EDUC469
EDUC576,EDUC575
EDUC583,EDUC408
EDUC585,EDUC309
EDUC630,EDUC408
EDUC694H,EDUC691H
EDUC694H,EDUC691H
EDUC695,EDUC257
EDUC695,EDUC309
EDUC695,EDUC357
EDUC695,EDUC505
EDUC695,EDUC508
EDUC695,EDUC585
EDUC698,EDUC181
EDUC698,EDUC408
EDUC698,EDUC583
EDUC705,EDUC703
EDUC705,EDUC712
EDUC712,EDUC702
EDUC712,EDUC703
EDUC713,EDUC702
EDUC722,EDUC721
EDUC733,EDUC628
EDUC738,EDUC834
EDUC744,EDUC628
EDUC745,EDUC759
EDUC766,EDUC703
EDUC766,EDUC712
EDUC780,EDUC628
EDUC783,EDUC628
EDUC784,EDUC710
EDUC785,EDUC710
EDUC787,EDUC710
EDUC787,EDUC829
EDUC788,EDUC744
EDUC822,EDUC821
EDUC840,EDUC727
EDUC840,EDUC750
EDUC840,EDUC832
EDUC840,EDUC834
EDUC841,EDUC727
EDUC841,EDUC832
EDUC841,EDUC834
EDUC844,EDUC727
EDUC844,EDUC750
EDUC844,EDUC832
EDUC844,EDUC834
EDUC873,EDUC779
EDUC874,EDUC772
EDUC884,EDUC710
EDUC884,EDUC784
EDUC887,EDUC754
EDUC894,EDUC784
EDUC894,PSYC831
EDUC919,EDUC824
EDUC935,EDUC710
EDUC935,EDUC784
ENGL206,ENGL130
ENGL206,132H
ENGL206,ENGL130
ENGL206,132H
ENGL207,ENGL131
ENGL207,133H
ENGL207,ENGL131
ENGL207,133H
ENGL208,ENGL130
ENGL208,ENGL131
ENGL208,132H
ENGL208,133H
ENGL208,138
ENGL210,ENGL130
ENGL210,132H
ENGL211,ENGL130
ENGL211,ENGL132H
ENGL306,ENGL130
ENGL306,ENGL131
ENGL306,132H
ENGL306,133H
ENGL307,ENGL130
ENGL307,ENGL131
ENGL307,132H
ENGL307,133H
ENGL312,ENGL105
ENGL312,ENGL105I
ENGL346,ENGL105
ENGL346,ENGL105I
ENGL351,ENGL130
ENGL351,ENGL131
ENGL351,132H
ENGL351,133H
ENGL351,138
ENGL404,ENGL138
ENGL404,ENGL208
ENGL406,ENGL206
ENGL407,ENGL207
ENGL593,ENGL695
ENGL593,ENGL763
ENGL593,ENGL268
ENGL693H,ENGL130
ENGL693H,ENGL131
ENGL693H,132H
ENGL693H,133H
ENGL693H,138
ENGL693H,ENGL206
ENGL693H,ENGL207
ENGL693H,ENGL208
ENGL693H,ENGL404
ENGL693H,ENGL406
ENGL693H,ENGL407
ENGL694H,ENGL693H
ENGL777,ENGL776
ENGL877,ENGL876
ENEC203,MATH231
ENEC222,MATH231
ENEC222,CHEM101
ENEC222,PHYS114
ENEC253,MATH231
ENEC253,CHEM102
ENEC253,PHYS114
ENEC264,ENEC201
ENEC272,BIOL101
ENEC272,101L
ENEC272,102L
ENEC304,BIOL201
ENEC304,ENEC202
ENEC305,ECON400
ENEC305,ENEC201
ENEC305,MATH231
ENEC305,STOR155
ENEC307,ENEC201
ENEC307,MATH231
ENEC307,MATH152
ENEC310,EMES101
ENEC310,EMES103
ENEC310,EMES401
ENEC352,EMES103
ENEC352,EMES401
ENEC352,ENEC202
ENEC380,ECON101
ENEC410,CHEM102
ENEC410,MATH231
ENEC410,PHYS115
ENEC410,PHYS119
ENEC411,BIOL101
ENEC411,CHEM102
ENEC411,ENEC222
ENEC411,MATH231
ENEC411,PHYS115
ENEC411,PHYS119
ENEC415,MATH383
ENEC417,MATH231
ENEC435,EMES324
ENEC435,MATH232
ENEC435,PHYS114
ENEC435,PHYS118
ENEC448,CHEM102
ENEC448,MATH231
ENEC450,MATH231
ENEC450,PHYS114
ENEC450,PHYS118
ENEC461,BIOL201
ENEC461,BIOL103
ENEC461,BIOL104
ENEC461,BIOL260
ENEC462,BIOL101
ENEC463,ENEC201
ENEC468,MATH232
ENEC471,CHEM102
ENEC471,MATH231
ENEC481,ECON101
ENEC485,ECON101
ENEC489,BIOL101
ENEC489,BIOL201
ENEC489,CHEM102
ENEC489,MATH231
ENEC489,PHYS115
ENEC489,PHYS119
ENEC511,CHEM102
ENEC512,EMES310
ENEC512,EMES417
ENEC512,EMES503
ENEC514,EMES201
ENEC514,EMES324
ENEC514,MATH232
ENEC514,PHYS114
ENEC514,PHYS118
ENEC522,ENEC201
ENEC522,ENEC202
ENEC530,MATH231
ENEC530,MATH232
ENEC530,MATH233
ENEC530,PHYS118
ENEC530,PHYS119
ENEC562,BIOL103
ENEC562,BIOL104
ENEC562,STOR120
ENEC562,STOR155
ENEC563,BIOL103
ENEC563,BIOL104
ENEC563,MATH231
ENEC563,STOR120
ENEC563,STOR155
ENEC586,BIOL101
ENEC586,MATH231
ENEC608,EMES302
ENEC608,PHYS114
ENEC608,PHYS118
ENEC669,BIOL201
ENEC669,BIOL260
ENEC685,ECON310
ENVR205,MATH231
ENVR335,ENVR89
ENVR335,ENVR135
ENVR423,ENVR430
ENVR442,CHEM430
ENVR452,PHYS401
ENVR468,MATH232
ENVR500,CHEM261
ENVR522,ENEC201
ENVR522,ENEC202
ENVR662,MATH661
ENVR666,COMP116
ENVR666,MATH383
ENVR669,MATH668
ENVR672,ENVR671
ENVR673,MATH231
ENVR673,PHYS114
ENVR701,BIOL101
ENVR701,CHEM101
ENVR701,CHEM102
ENVR707,PHCO702
ENVR742,BIOC442
ENVR742,ENVR430
ENVR756,ENVR419
ENVR756,ENVR451
ENVR757,ENVR710
ENVR757,ENVR756
ENVR759,ENVR453
ENVR761,MATH661
ENVR761,MATH662
ENVR762,MATH761
ENVR763,MATH661
ENVR763,MATH662
ENVR763,MATH668
ENVR763,MATH669
ENVR764,MATH661
ENVR764,MATH662
ENVR764,MATH668
ENVR764,MATH669
ENVR767,ENVR470
ENVR769,BIOS511
ENVR770,ENVR430
ENVR780,ENVR673
ENVR782,ENVR791
ENVR785,PLAN710
EPID715,EPID705
EPID715,EPID710
EPID715,EPID711
EPID716,EPID710
EPID716,EPID711
EPID716,EPID700
EPID716,EPID795
EPID716,BIOS511
EPID718,EPID715
EPID718,EPID716
EPID722,EPID718
EPID726,EPID715
EPID726,EPID804
EPID738A,EPID735
EPID738B,EPID735
EPID738C,EPID735
EPID743,EPID715
EPID754,EPID715
EPID754,EPID716
EPID757,EPID600
EPID758,EPID600
EPID764,EPID710
EPID766,EPID710
EPID766,EPID600
EPID770,BIOS600
EPID770,EPID710
EPID771,EPID710
EPID771,EPID711
EPID775,EPID715
EPID775,EPID718
EPID775,EPID770
EPID775,EPID771
EPID785,EPID710
EPID785,BIOS600
EPID804,EPID711
EPID810,EPID600
EPID814,EPID715
EPID814,EPID716
EPID814,NUTR812
EPID814,NUTR813
EPID818,EPID600
EPID818,EPID710
EPID818,NUTR813
EPID827,EPID710
EPID853,EPID710
EPID853,EPID851
EPID889,EPID710
EPID895,EPID710
EXSS13,EXSS11
EXSS256,EXSS155
EXSS265,EXSS175
EXSS276,EXSS175
EXSS291,EXSS191
EXSS322,EXSS221
EXSS323,EXSS221
EXSS324,ECON101
EXSS324,EXSS221
EXSS326,EXSS221
EXSS327,STOR151
EXSS327,STOR155
EXSS360,EXSS276
EXSS360,NUTR240
EXSS366,EXSS265
EXSS367,EXSS175
EXSS367,EXSS265
EXSS367,EXSS288
EXSS367,EXSS366
EXSS368,EXSS175
EXSS368,EXSS265
EXSS368,EXSS288
EXSS368,EXSS366
EXSS368,EXSS367
EXSS369,EXSS175
EXSS369,EXSS288
EXSS370,EXSS175
EXSS370,EXSS265
EXSS370,EXSS276
EXSS370,EXSS288
EXSS376,EXSS175
EXSS376,EXSS276
EXSS380,EXSS175
EXSS385,EXSS175
EXSS393,EXSS175
EXSS393,EXSS265
EXSS393,EXSS288
EXSS397,EXSS181
EXSS408,EXSS175
EXSS408,EXSS276
EXSS409,EXSS175
EXSS409,EXSS276
EXSS409,EXSS376
EXSS410,EXSS175
EXSS410,EXSS276
EXSS410,EXSS376
EXSS424,EXSS221
EXSS424,EXSS322
EXSS430,EXSS221
EXSS433L,EXSS175
EXSS433L,EXSS276
EXSS450,EXSS175
EXSS450,EXSS276
EXSS475,EXSS175
EXSS475,EXSS276
EXSS475,EXSS385
EXSS478,EXSS175
EXSS478,EXSS276
EXSS479,EXSS175
EXSS479,EXSS276
EXSS479,EXSS366
EXSS479,EXSS368
EXSS493,EXSS221
EXSS493,EXSS322
EXSS493,EXSS323
EXSS493,EXSS324
EXSS493,EXSS326
EXSS576,EXSS175
EXSS576,EXSS276
EXSS576,EXSS376
EXSS580,EXSS175
EXSS580,EXSS380
EXSS580,EXSS385
EXSS593,EXSS220
EXSS593,EXSS408
EXSS593,EXSS410
EXSS593,EXSS380
EXSS593,EXSS385
EXSS693H,EXSS273
EXSS694H,EXSS273
EXSS736,EXSS730
EXSS737,EXSS730
EXSS737,EXSS732
EXSS737,EXSS736
EXSS749,EXSS740
EXSS770,EXSS380
EXSS780,EXSS276
EXSS780,EXSS376
EXSS781,EXSS376
EXSS783,EXSS780
EXSS789,780
EXSS789,781
EDMX715,EDMX707
EDMX725,EDMX723
EDMX727,EDMX723
EDMX736,EDMX723
EDMX736,EDMX724
EDMX736,EDMX725
EDMX736,EDMX727
EDMX736,EDMX730
EDMX768,EDMX764
EDMX768,EDMX765
EDMX768,EDMX766
DPET857,DPET854
FOLK692H,FOLK691H
FREN102,FREN101
FREN203,FREN102
FREN203,FREN105
FREN203,FREN401
FREN204,FREN203
FREN255,FREN204
FREN255,FREN402
FREN260,FREN204
FREN260,FREN402
FREN262,FREN204
FREN262,FREN402
FREN300,FREN204
FREN300,FREN402
FREN305,FREN255
FREN305,FREN260
FREN305,FREN262
FREN308,FREN204
FREN310,FREN255
FREN310,FREN260
FREN310,FREN262
FREN311,FREN300
FREN312,FREN300
FREN315,FREN255
FREN315,FREN260
FREN315,FREN262
FREN320,FREN255
FREN320,FREN260
FREN320,FREN262
FREN325,FREN300
FREN325,FREN255
FREN325,FREN260
FREN325,FREN262
FREN326,FREN300
FREN326,FREN255
FREN326,FREN260
FREN326,FREN262
FREN330,FREN300
FREN330,FREN255
FREN330,FREN260
FREN330,FREN262
FREN350,FREN300
FREN350,FREN255
FREN350,FREN260
FREN350,FREN262
FREN353,FREN300
FREN353,FREN255
FREN353,FREN260
FREN353,FREN262
FREN354,FREN300
FREN354,FREN255
FREN354,FREN260
FREN354,FREN262
FREN355,FREN300
FREN355,FREN255
FREN355,FREN260
FREN355,FREN262
FREN356,FREN255
FREN356,FREN260
FREN356,FREN262
FREN365,FREN300
FREN365,FREN255
FREN365,FREN260
FREN365,FREN262
FREN370,FREN300
FREN370,FREN255
FREN370,FREN260
FREN370,FREN262
FREN372,FREN300
FREN372,FREN255
FREN372,FREN260
FREN372,FREN262
FREN375,FREN300
FREN375,FREN255
FREN375,FREN260
FREN375,FREN262
FREN376,FREN300
FREN376,FREN255
FREN376,FREN260
FREN376,FREN262
FREN377,FREN300
FREN377,FREN255
FREN377,FREN260
FREN377,FREN262
FREN378,FREN300
FREN378,FREN255
FREN378,FREN260
FREN378,FREN262
FREN387,FREN300
FREN387,FREN255
FREN387,FREN260
FREN387,FREN262
FREN390,FREN300
FREN390,FREN255
FREN390,FREN260
FREN390,FREN262
FREN395,FREN300
FREN395,FREN255
FREN395,FREN260
FREN395,FREN262
FREN403,FREN300
FREN403,FREN255
FREN403,FREN260
FREN403,FREN262
FREN436,FREN300
FREN436,FREN255
FREN436,FREN260
FREN436,FREN262
FREN437,FREN300
FREN437,FREN255
FREN437,FREN260
FREN437,FREN262
FREN489,FREN300
FREN489,FREN255
FREN489,FREN260
FREN489,FREN262
FREN490,FREN300
FREN490,FREN255
FREN490,FREN260
FREN490,FREN262
FREN500,FREN300
FREN500,FREN330
FREN504,FREN300
FREN504,FREN330
FREN505,FREN300
FREN505,FREN330
FREN513,FREN300
FREN513,FREN330
FREN515,FREN300
FREN515,FREN330
FREN522,FREN300
FREN522,FREN330
FREN530,FREN300
FREN530,FREN330
FREN554,FREN300
FREN554,FREN330
FREN555,FREN300
FREN555,FREN330
FREN564,FREN300
FREN564,FREN330
FREN565,FREN255
FREN565,FREN260
FREN565,FREN262
FREN566,FREN300
FREN566,FREN330
FREN575,FREN300
FREN575,FREN330
FREN576,FREN300
FREN576,FREN330
FREN583,FREN300
FREN583,FREN330
FREN585,FREN300
FREN585,FREN330
FREN590,FREN300
FREN590,FREN330
FREN611,FREN300
FREN611,FREN330
FREN617,FREN300
FREN617,FREN330
FREN670,FREN300
FREN670,FREN330
FREN675,FREN300
FREN675,FREN330
FREN687,FREN300
FREN687,FREN330
FREN690,FREN300
FREN690,FREN370
FREN690,FREN372
GNET621,BIOL202
GNET621,BIOL220
GNET622,BIOL621
GNET635,BIOL425
GNET747,BIOL201
GNET747,BIOL202
GEOG253,MATH231
GEOG253,CHEM102
GEOG253,PHYS114
GEOG264,ENEC201
GEOG412,GEOG110
GEOG412,GEOG111
GEOG440,GEOG110
GEOG441,ENEC202
GEOG441,GEOG110
GEOG456,GEOG370
GEOG458,GEOG259
GEOG477,GEOG370
GEOG491,GEOG370
GEOG555,GEOG370
GEOG567,GEOG370
GEOG577,GEOG370
GEOG577,GEOG477
GEOG591,GEOG370
GEOG591,GEOG491
GEOG592,GEOG370
GEOG592,GEOG491
GEOG594,GEOG370
GEOG597,BIOL561
GEOG597,STOR455
GEOG598,GEOG370
GEOG598,GEOG491
GEOG692H,GEOG691H
GEOL502,GEOG110
GEOL555,BIOL103
GEOL555,BIOL104
GEOL555,BIOL250
GEOL555,BIOL271
GEOL555,BIOL555L
GEOL704,GEOL703
GEOL705,CHEM102
GEOL705,MATH233
GEOL706,GEOL705
GEOL712,CHEM102
GEOL809,MATH383
GEOL809,PHYS201
GEOL809,PHYS211
GERM102,GERM101
GERM203,GERM102
GERM204,GERM203
GERM301,GERM204
GERM302,GERM204
GERM304,GERM204
GERM305,GERM204
GERM306,GERM303
GERM325,GERM303
GERM330,GERM303
GERM349,GERM303
GERM367,GERM303
GERM370,GERM303
GERM371,GERM303
GERM372,GERM303
GERM373,GERM303
GERM374,GERM303
GERM379,GERM303
GERM380,GERM303
GERM381,GERM303
GERM383,GERM303
GERM384,GERM303
GERM385,GERM303
GERM386,GERM303
GERM388,GERM204
GERM389,GERM204
GERM390,GERM303
GERM396,GERM303
GERM400,GERM204
GERM493,GERM303
GERM500,GERM302
GERM500,GERM303
GERM501,GERM302
GERM501,GERM303
GERM520,GERM302
GERM520,GERM303
GERM521,GERM302
GERM521,GERM303
GERM545,GERM302
GERM545,GERM303
GERM590,GERM302
GERM590,GERM303
GERM703,GERM700
GSLL489,BCS404
GSLL489,CZCH404
GSLL489,DTCH404
GSLL489,GERM204
GSLL489,HUNG404
GSLL489,PLSH404
GSLL489,RUSS204
GSLL683,ARTH159
GSLL683,COMM140
GSLL683,ENGL142
GLBL413,GLBL210
GOVT773,GOVT772
GRAD756,GRAD755
GREK203,GREK101
GREK203,GREK102
GREK204,GREK203
GREK205,GREK203
GREK221,GREK204
GREK221,GREK205
GREK222,GREK221
GREK351,GREK221
GREK351,GREK222
GREK352,GREK221
GREK352,GREK222
GREK396,GREK222
GREK409,GREK222
HBEH532,SPHG352
HBEH745,HBEH744
HBEH753,HBEH750
HBEH754,HBEH753
HBEH762,HBEH761
HBEH763,HBEH750
HBEH772,SPHG711
HBEH772,SPHG712
HBEH772,SPHG713
HBEH772,HBEH730
HBEH772,HBEH750
HBEH782,MHCH780
HBEH825,HBEH730
HPM310,HPM350
HPM352,HPM350
HPM606,HPM605
HPM692H,HPM691H
HPM706,HPM705
HPM715,BIOS600
HPM720,HPM730
HPM735,HPM734
HPM741,HPM740
HPM742,HPM741
HPM742,HPM746
HPM744,HPM740
HPM744,HPM741
HPM744,HPM742
HPM747,HPM746
HPM749,BIOS600
HPM749,HPM671
HPM749,SPHG711
HPM772,EPID600
HPM785,HPM772
HPM881,BIOS600
HPM882,HPM496
HPM883,HPM881
HPM883,HPM882
HPM885,HPM884
HPM886,HPM884
HPM886,HPM885
HEBR102,HEBR101
HEBR203,HEBR102
HEBR204,HEBR203
HEBR305,HEBR204
HEBR306,HEBR204
HNUR102,HNUR101
HNUR203,HNUR102
HNUR204,HNUR203
HNUR305,HNUR204
HNUR306,HNUR204
HNUR308,HNUR203
HNUR407,HNUR305
HNUR407,HNUR306
HNUR408,HNUR305
HNUR408,HNUR306
HNUR409,HNUR305
HNUR409,HNUR306
HNUR410,HNUR305
HNUR410,HNUR306
HNUR411,HNUR305
HNUR411,HNUR306
HNUR490,HNUR305
HNUR490,HNUR306
HIST756,HIST437
HIST757,HIST434
HUNG405,HUNG404
HUNG407,HUNG401
HUNG407,LING101
INLS202,INLS201
INLS203,INLS201
INLS318,INLS382
INLS384,INLS201
INLS418,INLS382
INLS467,INLS161
INLS493,INLS393
INLS500,INLS203
INLS512,COMP110
INLS512,COMP116
INLS512,COMP210
INLS512,COMP410
INLS570,COMP110
INLS570,COMP116
INLS570,INLS560
INLS573,INLS161
INLS576,INLS161
INLS578,INLS161
INLS582,INLS382
INLS609,INLS509
INLS620,INLS520
INLS620,INLS560
INLS623,INLS382
INLS623,INLS582
INLS623,INLS523
INLS624,COMP110
INLS624,COMP116
INLS625,INLS560
INLS672,INLS572
INLS701,INLS501
INLS701,INLS509
INLS702,INLS501
INLS703,INLS501
INLS704,INLS501
INLS705,INLS501
INLS708,INLS501
INLS709,INLS501
INLS718,INLS582
INLS719,INLS382
INLS719,INLS582
INLS720,INLS509
INLS720,INLS520
INLS723,INLS623
INLS726,INLS523
INLS728,INLS509
INLS728,INLS520
INLS747,INLS585
INLS748,INLS501
INLS748,INLS585
INLS749,INLS520
INLS754,INLS501
INLS755,INLS556
INLS757,INLS556
INLS760,INLS572
INLS760,INLS623
INLS761,COMP110
INLS761,INLS560
INLS772,COMP110
INLS772,INLS560
INLS772,INLS761
INLS772,INLS773
INLS778,INLS776
INLS778,INLS777
INLS779,INLS776
INLS779,INLS777
INLS781,INLS581
INLS784,INLS384
INLS785,INLS585
INLS797,INLS795
INLS818,INLS718
INLS841,INLS585
INLS992,INLS781
INLS992,INLS778
INLS992,INLS779
ITAL102,ITAL101
ITAL203,ITAL102
ITAL203,ITAL401
ITAL204,ITAL203
ITAL300,ITAL204
ITAL300,ITAL402
ITAL308,ITAL203
ITAL310,ITAL204
ITAL310,ITAL402
ITAL320,ITAL204
ITAL320,ITAL402
ITAL330,ITAL204
ITAL330,ITAL402
ITAL331,ITAL204
ITAL331,ITAL402
ITAL337,ITAL300
ITAL346,ITAL204
ITAL346,ITAL402
ITAL365,ITAL204
ITAL365,ITAL402
ITAL372,ITAL204
ITAL372,ITAL402
ITAL382,ITAL204
ITAL382,ITAL402
ITAL388,ITAL204
ITAL395,ITAL300
ITAL402,ITAL102
ITAL402,ITAL401
ITAL526,ITAL204
ITAL526,ITAL402
ITAL741,ITAL204
ITAL741,ITAL402
ITAL751,ITAL204
ITAL751,ITAL402
ITAL771,ITAL204
ITAL771,ITAL402
ITAL781,ITAL204
ITAL781,ITAL402
ITAL782,ITAL204
ITAL782,ITAL402
ITAL784,ITAL204
ITAL784,ITAL402
ITAL795,ITAL204
ITAL795,ITAL402
JAPN102,JAPN101
JAPN203,JAPN102
JAPN204,JAPN203
JAPN305,JAPN204
JAPN306,JAPN305
JAPN401,JAPN306
JAPN408,JAPN306
JAPN410,JAPN306
JAPN411,JAPN306
JAPN412,JAPN306
JAPN414,JAPN306
JAPN415,JAPN306
JAPN416,JAPN306
JAPN417,JAPN306
JAPN418,JAPN306
JAPN490,JAPN306
JAPN521,JAPN401
JAPN521,JAPN408
JAPN521,JAPN410
JAPN521,JAPN411
JAPN521,JAPN412
JAPN521,JAPN414
JAPN521,JAPN415
JAPN521,JAPN416
JAPN521,JAPN417
JAPN521,JAPN490
JAPN563,JAPN102
JAPN563,LING101
JAPN590,JAPN306
JWST102,HEBR101
JWST203,HEBR102
JWST204,HEBR203
JWST212,RELI211
JWST305,HEBR204
JWST306,HEBR204
SWAH234,SWAH112
SWAH234,SWAH402
SWAH402,SWAH401
SWAH403,SWAH112
SWAH403,SWAH402
SWAH404,SWAH403
SWAH405,SWAH404
SWAH406,SWAH405
SWAH408,SWAH403
KOR102,KOR101
KOR203,KOR102
KOR204,KOR203
KOR305,KOR204
KOR306,KOR305
KOR308,KOR204
KOR407,KOR306
KOR408,KOR306
KOR409,KOR306
KOR490,KOR306
LTAM512,LTAM411
LATN204,LATN203
LATN205,LATN203
LATN221,LATN204
LATN221,LATN205
LATN222,LATN204
LATN222,LATN205
LATN223,LATN204
LATN223,LATN205
LATN224,LATN204
LATN224,LATN205
LATN396,LATN221
LGLA402,LGLA401
LING200,LING101
LING201,LING101
LING202,LING101
LING203,LING101
LING230,LING101
LING290,LING101
LING304,LING101
LING305,LING101
LING360,SPAN300
LING360,SPAN301
LING376,SPAN300
LING376,SPAN301
LING397,SPAN360
LING397,SPAN376
LING401,LING101
LING422,LING200
LING422,LING520
LING422,LING523
LING422,SPHS540
LING427,LING101
LING428,LING101
LING444,LING101
LING458,LING101
LING503,SPHS402
LING522,LING520
LING522,LING200
LING522,LING523
LING523,LING520
LING523,SPHS530
LING523,SPHS540
LING524,LING200
LING524,LING523
LING526,LING101
LING529,LING203
LING529,LING528
LING529,LING201
LING529,LING530
LING533,LING530
LING537,LING101
LING538,LING537
LING539,LING101
LING540,LING101
LING541,LING101
LING542,LING101
LING545,ENGL213
LING545,LING101
LING545,PHIL145
LING547,LING101
LING551,LING550
LING561,LING101
LING562,LING101
LING562,RUSS102
LING563,JAPN102
LING563,LING101
LING564,FREN300
LING564,FREN330
LING565,FREN255
LING565,FREN260
LING565,FREN262
LING566,FREN300
LING566,FREN330
LING567,GERM302
LING567,GERM303
LING573,LING101
LING573,LING200
LING573,LING376
LING573,LING422
LING578,FREN300
LING578,ITAL300
LING578,PORT310
LING578,SPAN300
LING583,LING101
LING676,SPAN376
LING678,SPAN360
LING681,SPAN360
LING715,LING524
LING716,LING533
MNGT223,COMM120
MNGT310,ECON101
MNGT325,COMM120
MNGT345,ECON310
MNGT345,ECON410
MNGT380,ECON310
MNGT380,ECON410
MNGT692H,MNGT691H
MASC440,BIOL201
MASC440,BIOL475
MASC440,BIOL103
MASC440,BIOL104
MASC440,BIOL260
MASC706,MASC705
MASC742,BIOL471
MASC761,MATH528
MASC762,MATH529
MASC764,MATH529
MASC781,MATH661
MASC781,MATH662
MASC782,MATH761
MASC783,MATH661
MASC783,MATH662
MASC783,MATH668
MASC783,MATH669
MASC784,MATH661
MASC784,MATH662
MASC784,MATH668
MASC784,MATH669
MTSC810,APPL470
MTSC810,PHYS573
MTSC810,MTSC615
MTSC810,MTSC730
MTSC820,APPL470
MTSC820,PHYS573
MTSC830,APPL470
MTSC830,PHYS573
MTSC840,APPL470
MTSC840,PHYS573
MTSC840,MTSC615
MTSC840,MTSC730
MTSC871,PHYS421
MTSC872,PHYS871
MHCH611,NUTR240
MHCH702,MHCH701
MHCH729,MHCH728
MHCH766,MHCH765
MHCH801,MHCH701
MHCH801,MHCH702
MHCH853,EPID710
MHCH853,EPID851
MHCH860,MHCH859
MATH130,MATH110
MATH152,MATH110
MATH210,MATH110
MATH231,MATH110
MATH231,MATH130
MATH231,MATH130
MATH231L,MATH110
MATH231L,MATH130
MATH231L,MATH130
MATH232,MATH231
MATH233,MATH232
MATH235,MATH231
MATH235,MATH232
MATH347,MATH232
MATH381,MATH232
MATH383,MATH233
MATH383L,MATH233
MATH406,MATH232
MATH418,MATH233
MATH418,MATH381
MATH521,MATH233
MATH521,MATH381
MATH521,STOR215
MATH521,MATH381
MATH522,MATH383
MATH522,MATH521
MATH523,MATH383
MATH524,MATH383
MATH528,MATH383
MATH528L,MATH383
MATH529,MATH521
MATH529,MATH524
MATH529,MATH528
MATH529L,MATH383
MATH533,MATH381
MATH533,STOR215
MATH533,MATH381
MATH534,MATH381
MATH534,STOR215
MATH534,MATH381
MATH535,STOR235
MATH535,MATH233
MATH535,STOR215
MATH535,MATH381
MATH535,COMP283
MATH548,MATH381
MATH550,MATH233
MATH550,MATH381
MATH551,MATH381
MATH551,STOR215
MATH551,MATH381
MATH553,BIOL201
MATH553,BIOL202
MATH553,BIOL103
MATH553,BIOL104
MATH553,MATH231
MATH553,MATH232
MATH553,STOR120
MATH553,STOR155
MATH553,BIOL553L
MATH553,MATH553L
MATH553L,BIOL201
MATH553L,BIOL202
MATH553L,BIOL103
MATH553L,BIOL104
MATH553L,MATH231
MATH553L,MATH232
MATH553L,STOR120
MATH553L,STOR155
MATH553L,BIOL553
MATH553L,MATH553
MATH555,MATH383
MATH560,MATH233
MATH560,MATH347
MATH560,COMP110
MATH560,COMP116
MATH563,MATH528
MATH564,MATH383
MATH564,MATH347
MATH566,MATH383
MATH566,MATH347
MATH577,MATH381
MATH577,MATH383
MATH577,STOR215
MATH577,MATH381
MATH578,MATH347
MATH578,MATH577
MATH594,MATH383
MATH635,STOR634
MATH641,MATH578
MATH643,MATH578
MATH656,MATH653
MATH657,MATH653
MATH662,MATH661
MATH669,MATH668
MATH677,MATH676
MATH680,MATH681
MATH751,MATH653
MATH753,MATH653
MATH754,MATH753
MATH755,MATH656
MATH756,MATH656
MATH761,MATH661
MATH761,MATH662
MATH762,MATH761
MATH768,MATH661
MATH768,MATH662
MATH768,MATH668
MATH768,MATH669
MATH769,MATH661
MATH769,MATH662
MATH769,MATH668
MATH769,MATH669
MATH771,MATH677
MATH773,MATH676
MATH774,MATH676
MATH775,MATH771
MATH776,MATH676
MATH776,MATH681
MATH892,MATH661
MATH892,MATH662
MATH893,MATH677
MATH894,MATH641
MATH896,MATH776
MEJO244,MEJO153
MEJO253,MEJO153
MEJO332,MEJO137
MEJO332,MEJO153
MEJO333,MEJO121
MEJO340,MEJO153
MEJO341,MEJO153
MEJO356,MEJO153
MEJO358,MEJO153
MEJO371,MEJO137
MEJO372,MEJO137
MEJO393,MEJO153
MEJO421,MEJO121
MEJO421,MEJO252
MEJO426,MEJO252
MEJO435,MEJO137
MEJO437,MEJO137
MEJO437,MEJO153
MEJO440,MEJO340
MEJO447,MEJO137
MEJO447,MEJO153
MEJO454,MEJO153
MEJO454,MEJO356
MEJO459,MEJO153
MEJO478,MEJO137
MEJO482,MEJO182
MEJO484,MEJO182
MEJO485,MEJO182
MEJO485,MEJO153
MEJO487,MEJO187
MEJO489,MEJO180
MEJO522,MEJO421
MEJO531,MEJO137
MEJO533,MEJO137
MEJO541,MEJO153
MEJO542,MEJO153
MEJO553,MEJO153
MEJO553,MEJO253
MEJO557,MEJO153
MEJO564,MEJO153
MEJO577,MEJO477
MEJO582,MEJO121
MEJO582,MEJO180
MEJO583,MEJO487
MEJO589,MEJO182
MEJO634,MEJO332
MEJO634,MEJO379
MEJO653,475
MEJO653,652
MEJO656,MEJO153
MEJO656,MEJO356
MEJO670,MEJO379
MEJO673,MEJO371
MEJO673,MEJO372
MEJO681,MEJO580
MEJO683,MEJO482
MEJO704,MEJO701
MEJO732,MEJO730
MEJO825,HBEH730
MEJO840,MEJO740
MEJO846,MEJO446
MCRO291,MCRO251
MCRO291,MCRO251
MCRO292,MCRO251
MCRO292,MCRO251
MCRO449,BIOL205
MCRO449,BIOL103
MCRO449,BIOL104
MCRO449,BIOL240
MUSC122,MUSC121
MUSC124,MUSC123
MUSC125,MUSC123
MUSC129,MUSC128
MUSC130,MUSC128
MUSC132,MUSC131
MUSC133,MUSC130
MUSC133,MUSC131
MUSC133,MUSC132
MUSC163,MUSC135
MUSC166,MUSC131
MUSC167,MUSC131
MUSC168,MUSC131
MUSC223,MUSC121
MUSC223,MUSC131
MUSC224,MUSC100
MUSC224,MUSC200
MUSC225,MUSC102
MUSC225,MUSC202
MUSC228,MUSC226
MUSC228,MUSC227
MUSC230,MUSC132
MUSC230,MUSC133
MUSC230,MUSC232
MUSC232,MUSC132
MUSC233,MUSC254
MUSC236,MUSC136
MUSC245,MUSC146
MUSC254,MUSC131
MUSC255,MUSC132
MUSC255,MUSC254
MUSC263,MUSC163
MUSC265,MUSC135
MUSC265,MUSC163
MUSC266,MUSC166
MUSC267,MUSC167
MUSC270,MUSC120
MUSC271,MUSC120
MUSC271,MUSC270
MUSC300,MUSC200
MUSC302,MUSC202
MUSC303,MUSC203
MUSC304,MUSC204
MUSC305,MUSC205
MUSC306,MUSC206
MUSC307,MUSC266
MUSC308,MUSC168
MUSC309,MUSC308
MUSC331,MUSC232
MUSC332,MUSC232
MUSC333,MUSC232
MUSC338,MUSC232
MUSC351,MUSC120
MUSC351,MUSC270
MUSC351,MUSC271
MUSC355,MUSC254
MUSC692H,MUSC691H
NBIO705,PSYC404
NBIO724,NBIO722
NBIO728,722
NBIO729,NBIO722
NBIO729,NBIO733
NBIO733,NBIO722
NBIO733,NBIO723
NBIO750,NBIO722
NBIO750,NBIO723
NBIO858,BIOL451
NSCI221,NSCI175
NSCI221,PSYC101
NSCI221,PSYC220
NSCI222,NSCI175
NSCI222,PSYC101
NSCI225,NSCI175
NSCI225,PSYC101
NSCI274,NSCI175
NSCI274,COMP110
NSCI274,COMP116
NSCI276,NSCI175
NSCI276,PSYC210
NSCI276,STOR155
NSCI277,NSCI175
NSCI277,PSYC210
NSCI277,STOR155
NSCI278,NSCI175
NSCI278,PSYC210
NSCI278,STOR155
NSCI279,NSCI175
NSCI279,PSYC210
NSCI279,STOR155
NSCI290,NSCI175
NSCI294,NSCI175
NSCI325,NSCI175
NSCI325,PSYC101
NSCI325,PSYC220
NSCI326,NSCI175
NSCI390,NSCI175
NSCI395,NSCI175
NSCI405,NSCI175
NSCI405,PSYC101
NSCI405,PSYC220
NSCI405,NSCI221
NSCI415,NSCI175
NSCI415,PSYC101
NSCI415,PSYC220
NSCI418,NSCI175
NSCI418,PSYC101
NSCI418,PSYC220
NSCI419,NSCI175
NSCI419,PSYC220
NSCI420,NSCI175
NSCI420,PSYC101
NSCI420,PSYC220
NSCI420,EXSS175
NSCI421,NSCI175
NSCI421,PSYC101
NSCI421,PSYC220
NSCI421,BIOL101
NSCI422,NSCI175
NSCI422,PSYC101
NSCI422,PSYC220
NSCI423,NSCI175
NSCI423,PSYC101
NSCI423,PSYC220
NSCI424,NSCI175
NSCI424,PSYC101
NSCI424,PSYC220
NSCI427,NSCI175
NSCI427,PSYC101
NSCI427,PSYC220
NSCI428,NSCI175
NSCI428,PSYC101
NSCI428,PSYC220
NSCI434,NSCI175
NSCI434,NSCI222
NSCI434,NSCI225
NSCI434,PSYC220
NSCI434,PSYC230
NSCI437,NSCI175
NSCI437,PSYC101
NSCI437,PSYC220
NSCI437,BIOL101
NSCI439,NSCI175
NSCI439,PSYC220
NSCI490,NSCI175
NSCI493,NSCI175
NSCI507,NSCI175
NSCI507,PSYC101
NSCI568,NSCI175
NSCI568,PSYC101
NSCI573,PSYC210
NSCI573,PSYC270
NSCI573,NSCI175
NSCI573,PSYC101
NSCI573,PSYC220
NSCI693H,NSCI395
NSCI693H,NSCI693H
NSCI694H,NSCI693H
NSCI694H,NSCI395
NSCI694H,NSCI694H
NURS311,NURS310
NURS311,NURS330
NURS352,NURS351
NURS410,NURS310
NURS410,NURS311
NURS410,NURS352
NURS411,NURS310
NURS411,NURS311
NURS411,NURS352
NURS411,NURS410
NURS430,NURS310
NURS430,NURS311
NURS430,NURS330
NURS430,NURS352
NURS481,NURS330
NURS481,NURS351
NURS482,NURS351
NURS482,NURS330
NURS483,NURS311
NURS483,NURS330
NURS483,NURS352
NURS484,NURS311
NURS484,NURS330
NURS484,NURS352
NURS510,NURS430
NURS512,NURS301
NURS512,NURS330
NURS697,NURS330
NURS697,NURS430
NURS697,NURS481
NURS697,NURS482
NURS697,NURS483
NURS721,NURS715
NURS721,NURS720
NURS722,NURS715
NURS722,NURS726
NURS722,NURS727
NURS722,NURS720
NURS723,NURS715
NURS723,NURS720
NURS723,NURS750
NURS723,NURS752
NURS779,NURS778
NURS788,NURS715
NURS788,NURS720
NURS810,NURS715
NURS810,NURS720
NURS810,NURS750
NURS810,NURS752
NURS811,NURS715
NURS811,NURS720
NURS811,NURS726
NURS811,NURS810
NURS815,NURS810
NURS815,NURS840
NURS815,NURS860
NURS819,NURS715
NURS819,NURS720
NURS819,NURS750
NURS819,NURS752
NURS819,NURS810
NURS820,NURS788
NURS820,NURS789
NURS821,NURS788
NURS821,NURS789
NURS821,NURS820
NURS823,NURS715
NURS823,NURS720
NURS823,NURS750
NURS823,NURS752
NURS823,NURS810
NURS823,NURS812
NURS823,NURS824
NURS824,NURS715
NURS824,NURS720
NURS824,NURS750
NURS824,NURS752
NURS824,NURS810
NURS824,NURS819
NURS824,NURS825
NURS825,NURS715
NURS825,NURS720
NURS825,NURS750
NURS827,NURS715
NURS827,NURS720
NURS827,NURS750
NURS827,NURS752
NURS827,NURS810
NURS832,NURS830
NURS832,NURS831
NURS833,NURS830
NURS833,NURS831
NURS833,NURS832
NURS834,NURS830
NURS834,NURS831
NURS834,NURS832
NURS838,NURS715
NURS838,NURS726
NURS838,NURS810
NURS838,NURS825
NURS838,NURS833
NURS840,NURS715
NURS840,NURS720
NURS840,NURS750
NURS840,NURS752
NURS849,NURS715
NURS849,NURS720
NURS849,NURS750
NURS849,NURS752
NURS849,NURS840
NURS850,NURS715
NURS850,NURS720
NURS850,NURS750
NURS850,NURS752
NURS850,NURS840
NURS850,NURS841
NURS850,NURS842
NURS860,NURS715
NURS860,NURS720
NURS860,NURS750
NURS860,NURS752
NURS863,NURS727
NURS863,NURS860
NURS864,NURS715
NURS864,NURS720
NURS864,NURS750
NURS864,NURS752
NURS864,NURS723
NURS864,NURS860
NURS864,NURS865
NURS865,NURS715
NURS865,NURS720
NURS865,NURS723
NURS865,NURS750
NURS865,NURS752
NURS865,NURS860
NURS869,NURS727
NURS869,NURS860
NURS869,NURS863
NURS869,NURS864
NURS878,NURS872
NURS878,NURS873
NURS878,NURS874
NURS878,NURS877
NURS879,NURS730
NURS879,NURS870
NURS902,NURS901
NURS904,NURS903
NURS904,NURS912
NURS904,NURS913
NURS904,NURS916
NURS904,NURS924
NURS905,NURS904
NURS906,NURS905
NURS909,NURS908
NURS910,NURS908
NURS911,NURS908
NURS911,NURS909
NURS911,NURS910
NURS912,NURS903
NURS913,NURS903
NURS914,NURS913
NURS917,NURS916
NURS923,NURS922
NURS925,NURS924
NURS938,NURS967
NURS940,NURS939
NURS951,NURS875
NURS951,NURS950
NURS958,NURS957
NURS986,NURS941
NURS986,NURS942
NURS986,NURS943
NUTR240,BIOL101
NUTR240,101L
NUTR240,CHEM102
NUTR240,102L
NUTR400,BIOL101
NUTR400,CHEM101
NUTR400,CHEM102
NUTR400,NUTR240
NUTR600,NUTR400
NUTR611,NUTR240
NUTR620,NUTR400
NUTR620,NUTR600
NUTR630,NUTR240
NUTR691H,NUTR295
NUTR701,SPHG711
NUTR701,SPHG712
NUTR701,SPHG713
NUTR711,NUTR705
NUTR712,NUTR705
NUTR714,BIOL252
NUTR714,252L
NUTR714,BIOL422
NUTR714,422L
NUTR714,NUTR240
NUTR714,CHEM261
NUTR714,CHEM430
NUTR715,NUTR711
NUTR715,NUTR712
NUTR723,NUTR701
NUTR765,SPHG711
NUTR765,SPHG712
NUTR765,SPHG713
NUTR765,SPHG721
NUTR765,SPHG722
NUTR810,EPID600
NUTR813,BIOS600
NUTR813,EPID600
NUTR813,EPID710
NUTR814,EPID715
NUTR814,EPID716
NUTR814,NUTR812
NUTR814,NUTR813
NUTR818,EPID600
NUTR818,EPID710
NUTR818,NUTR813
NUTR845,NUTR600
NUTR867,NUTR600
NUTR867,NUTR620
NUTR868,NUTR600
OCCT728,OCCT727
OCCT729,OCCT727
OCCT729,OCCT728
OCCT756,OCCT755
OCCT756,765L
OCCT757,OCCT727
OCCT766L,OCCT755
OCCT766L,765L
OCCT767L,OCCT766L
OCCT772,OCCT771
OCCT773,OCCT771
OCCT773,OCCT772
OCCT836,OCCT727
OCCT836,OCCT728
OCCT836,OCCT757
OCCT837,OCCT736
OCCT990,OCCT704
PATH426,BIOL205
PATH426,BIOL103
PATH426,BIOL104
PATH426,BIOL240
PWAD443,POLI150
PWAD458,POLI150
PWAD460,ECON400
PWAD460,ECON410
PWAD460,ECON400
PWAD460,ECON410
PWAD575,COMM170
PWAD692H,PWAD691H
PRSN102,PRSN101
PRSN203,PRSN102
PRSN204,PRSN203
PRSN305,PRSN204
PRSN306,PRSN204
PHRS501,CHEM262
PHRS502,CHEM261
PHRS504,CHEM241
PHRS504,CHEM262
PHRS504,262H
PHRS504,BIOC107
PHRS504,BIOL202
PHRS504,BIOL220
PHRS504,BIOL240
PHRS507,CHEM262
PHRS516,SOCI172
PHRS516,SPHG101
PHRS815,PHCY504
PHRS992,PHRS991
PHRS993,PHRS991
PHRS994,PHRS991
PHCO667,BIOC666
PHCO702,CHEM430
PHCO705,PSYC404
PHCO707,PHCO702
PHCO732,PHCO701
PHCY124,ENGL105
PHCY506,PHCY505
PHCY510,PHCY502
PHCY510,PHCY503
PHCY510,PHCY504
PHCY514,PHCY512
PHCY516,PHCY502
PHCY516,PHCY503
PHCY516,PHCY504
PHCY519,PHCY502
PHCY519,PHCY503
PHCY519,PHCY504
PHCY529,PHCY502
PHCY529,PHCY503
PHCY529,PHCY504
PHCY601L,PHCY510
PHCY601L,PHCY516
PHCY601L,PHCY529
PHCY608I,PHCY732
PHCY611,PHCY510
PHCY611,PHCY516
PHCY611,PHCY529
PHCY619,PHCY609
PHCY621,PHCY520
PHCY624,PHCY504
PHCY630,PHCY510
PHCY630,PHCY516
PHCY630,PHCY529
PHCY631,PHCY601L
PHCY631,PHCY611
PHCY631,PHCY630
PHCY636,PHCY501
PHCY718,PHCY617
PHCY725,PHCY624
PHCY726,PHCY725
PHCY732,PHCY631
PHCY733,PHCY732
PHCY737,PHCY636
PHCY800,PHCY631
PHCY802,PHCY801
PHCY803,PHCY802
PHCY804,PHCY631
PHCY807,PHCY631
PHCY808,PHCY631
PHCY810,PHCY513L
PHCY811,PHCY631
PHCY812,PHCY631
PHCY813,PHCY611
PHCY813,PHCY630
PHCY814,PHCY611
PHCY814,PHCY630
PHCY822,PHCY631
PHCY823,PHCY630
PHCY824,PHCY631
PHCY830,PHCY630
PHCY831,PHCY504
PHCY831,PHCY516
PHCY831,PHCY630
PHCY831,PHCY631
PHCY832,PHCY501
PHCY833,PHCY631
PHCY836,PHCY631
PHCY840,PHCY609
PHCY842,PHCY841
PHCY843,PHCY842
PHCY844,PHCY843
PHCY846,PHCY631
PHCY850,PHCY617
PHCY852,PHCY851
PHCY853,PHCY852
PHCY854,PHCY853
DPOP766,EPID710
DPOP766,EPID600
PHIL261,PHIL56
PHIL261,PHIL57
PHIL261,PHIL58
PHIL261,PHIL66
PHIL261,PHIL67
PHIL261,PHIL68
PHIL261,PHIL70
PHIL261,PHIL77
PHIL261,PHIL78
PHIL261,PHIL160
PHIL261,PHIL163
PHIL261,PHIL164
PHIL261,PHIL165
PHIL261,PHIL170
PHIL261,PHIL261
PHIL261,PHIL266
PHIL261,PHIL272
PHIL261,PHIL273
PHIL261,PHIL274
PHIL261,PHIL275
PHIL261,PHIL280
PHIL261,PHIL282
PHIL261,PHIL285
PHIL261,PHIL360
PHIL261,PHIL362
PHIL261,PHIL364
PHIL261,PHIL368
PHIL261,PHIL370
PHIL261,PHIL384
PHIL261,PHIL460
PHIL261,PHIL463
PHIL261,PHIL465
PHIL261,PHIL468
PHIL261,PHIL471
PHIL261,PHIL473
PHIL261,PHIL474
PHIL261,PHIL475
PHIL261,PHIL476
PHIL261,PHIL480
PHIL261,PHIL485
PHIL354,MATH231
PHIL355,PHIL155
PHIL432,PHIL155
PHIL455,PHIL155
PHIL456,PHIL455
PHIL457,PHIL455
PHIL460,PHIL155
PHIL460,PHIL360
PHIL474,PHIL170
PHIL475,PHIL275
PHIL475,WGST101
PHIL698,PHIL384
PHYA427,PHYA227
PHYS114,MATH129P
PHYS114,MATH130
PHYS114,MATH231
PHYS115,114
PHYS115,118
PHYS118,MATH231
PHYS119,PHYS118
PHYS119,PHYS118H
PHYS128,PHYS128L
PHYS211,MATH233
PHYS211,MATH115
PHYS211,MATH119
PHYS281L,119
PHYS311,PHYS331
PHYS311,PHYS119
PHYS331,114
PHYS331,118
PHYS332,PHYS331
PHYS351,115
PHYS351,119
PHYS351,MATH383
PHYS351,PHYS331
PHYS352,PHYS351
PHYS354,MATH231
PHYS395,PHYS281L
PHYS405,PHYS118
PHYS405,PHYS119
PHYS410,119
PHYS412,PHYS281L
PHYS412,PHYS311
PHYS412,PHYS332
PHYS421,MATH383
PHYS421,MATH347
PHYS421,PHYS331
PHYS421,PHYS119
PHYS422,MATH383
PHYS422,PHYS201
PHYS422,PHYS211
PHYS422,PHYS311
PHYS422,PHYS401
PHYS441,MATH233
PHYS441,MATH119
PHYS447,MATH232
PHYS447,MATH118
PHYS461,119
PHYS471,119
PHYS472,CHEM482
PHYS472,CHEM119
PHYS481L,PHYS281L
PHYS481L,PHYS351
PHYS481L,PHYS352
PHYS491L,APPL470
PHYS491L,PHYS351
PHYS492L,APPL491L
PHYS492L,PHYS491L
PHYS515,PHYS311
PHYS515,PHYS412
PHYS521,PHYS421
PHYS529,PHYS421
PHYS529,CHEM486
PHYS543,PHYS421
PHYS545,PHYS412
PHYS545,PHYS421
PHYS573,PHYS421
PHYS581,BIOL101L
PHYS581,BIOL202
PHYS581,BIOL271
PHYS581,PHYS131
PHYS581,131L
PHYS581,281L
PHYS581,201
PHYS581,401
PHYS581,211
PHYS581,311
PHYS581,351
PHYS582,BIOL101L
PHYS582,BIOL202
PHYS582,BIOL271
PHYS582,PHYS131
PHYS582,131L
PHYS582,281L
PHYS582,201
PHYS582,401
PHYS582,211
PHYS582,311
PHYS582,351
PHYS585,MATH233
PHYS585,PHYS118
PHYS586,PHYS119
PHYS594,MATH383
PHYS631,PHYS281L
PHYS631,PHYS332
PHYS633,MATH528
PHYS633,MATH529
PHYS633,PHYS631
PHYS633,PHYS632
PHYS660,PHYS401
PHYS671L,PHYS401
PHYS671L,PHYS412
PHYS672L,PHYS401
PHYS672L,PHYS412
PHYS692H,PHYS691H
PHYS711,PHYS631
PHYS711,PHYS632
PHYS721,PHYS421
PHYS722,PHYS421
PHYS741,PHYS701
PHYS741,PHYS721
PHYS771L,PHYS401
PHYS771L,PHYS412
PHYS772L,PHYS401
PHYS772L,PHYS412
PHYS821,PHYS722
PHYS822,PHYS722
PHYS823,PHYS722
PHYS829,CHEM781
PHYS829,PHYS721
PHYS831,PHYS701
PHYS831,PHYS711
PHYS831,PHYS712
PHYS832,PHYS831
PHYS861,PHYS543
PHYS861,PHYS721
PHYS862,PHYS543
PHYS862,PHYS721
PHYS871,PHYS421
PHYS872,PHYS871
PHYS873,PHYS722
PHYI395,BIOL101
PHYI395,101L
PHYI395,CHEM101
PHYI395,101L
PLSH402,PLSH401
PLSH403,PLSH402
PLSH404,PLSH403
PLSH405,PLSH404
PLSH406,PLSH405
POLI350,POLI150
POLI381,POLI281
POLI404,POLI100
POLI406,POLI100
POLI429,POLI130
POLI442,ECON101
POLI442,POLI150
POLI443,POLI150
POLI458,POLI150
POLI488,POLI287
POLI488,POLI288
POLI698,PHIL384
POLI715,POLI711
POLI720,POLI700
POLI720,POLI745
POLI720,PUBA723
POLI724,POLI700
POLI725,PUBA719
POLI757,ECON460
POLI757,ECON465
POLI786,POLI784
POLI787,POLI783
POLI787,POLI784
POLI791,POLI789
POLI846,MEJO446
POLI880,POLI780
POLI880,POLI783
POLI883,POLI784
POLI884,POLI783
POLI884,POLI784
POLI884,POLI787
POLI888,POLI788
PORT102,PORT101
PORT203,PORT102
PORT203,PORT111
PORT203,PORT401
PORT204,PORT203
PORT212,PORT102
PORT212,PORT111
PORT212,PORT401
PORT310,PORT204
PORT310,PORT402
PORT323,PORT204
PORT323,PORT402
PORT351,PORT310
PORT351,PORT388
PORT352,PORT351
PORT354,PORT323
PORT354,PORT385
PORT355,PORT354
PORT395,PORT310
PORT395,PORT323
PORT402,PORT102
PORT402,PORT111
PORT402,PORT401
PORT408,PORT204
PORT408,PORT402
PORT420,PORT204
PORT420,PORT402
PORT501,PORT204
PORT501,PORT402
PORT520,PORT204
PORT520,PORT402
PORT520,PORT310
PORT520,PORT323
PORT526,PORT402
PORT535,PORT402
PORT540,PORT204
PORT540,PORT402
PSYC210,PSYC101
PSYC220,PSYC101
PSYC230,PSYC101
PSYC242,PSYC101
PSYC245,PSYC101
PSYC250,PSYC101
PSYC260,PSYC101
PSYC270,PSYC101
PSYC290,PSYC101
PSYC310,PSYC210
PSYC310,SOCI252
PSYC310,STOR155
PSYC330,PSYC101
PSYC390,PSYC101
PSYC395,PSYC101
PSYC404,PSYC101
PSYC430,PSYC101
PSYC430,PSYC230
PSYC432,PSYC101
PSYC433,PSYC101
PSYC435,PSYC101
PSYC438,PSYC101
PSYC438,PSYC270
PSYC438,PSYC432
PSYC463,PSYC101
PSYC463,PSYC210
PSYC467,PSYC101
PSYC467,PSYC250
PSYC468,PSYC101
PSYC468,PSYC250
PSYC468,PSYC210
PSYC469,BIOL101
PSYC469,PSYC101
PSYC469,PSYC210
PSYC471,PSYC101
PSYC471,PSYC250
PSYC471,PSYC210
PSYC474,PSYC101
PSYC493,PSYC101
PSYC500,PSYC101
PSYC500,PSYC245
PSYC500,PSYC250
PSYC501,PSYC101
PSYC502,PSYC101
PSYC502,PSYC250
PSYC503,PSYC101
PSYC504,PSYC101
PSYC504,PSYC245
PSYC505,PSYC101
PSYC505,PSYC242
PSYC505,PSYC245
PSYC514,PSYC101
PSYC514,PSYC245
PSYC517,PSYC101
PSYC518H,PSYC250
PSYC528,PSYC101
PSYC528,PSYC210
PSYC530,PSYC101
PSYC530,PSYC270
PSYC531,PSYC101
PSYC531,PSYC210
PSYC532,PSYC210
PSYC532,SOCI252
PSYC532,STOR155
PSYC533,ECON400
PSYC533,PSYC210
PSYC533,SOCI252
PSYC533,STOR155
PSYC534,PSYC210
PSYC534,SOCI252
PSYC534,STOR155
PSYC535,PSYC101
PSYC559,PSYC101
PSYC559,PSYC210
PSYC564,PSYC101
PSYC564,PSYC260
PSYC564,PSYC210
PSYC565,PSYC101
PSYC565,PSYC260
PSYC565,PSYC210
PSYC566,PSYC101
PSYC566,PSYC260
PSYC569,PSYC101
PSYC569,PSYC260
PSYC569,PSYC270
PSYC570,PSYC101
PSYC570,PSYC260
PSYC570,PSYC210
PSYC571,PSYC220
PSYC571,NSCI175
PSYC571,PSYC260
PSYC572,PSYC101
PSYC572,PSYC260
PSYC573,PSYC101
PSYC573,WGST101
PSYC574,PSYC101
PSYC574,PSYC260
PSYC575,PSYC101
PSYC601,PSYC101
PSYC601,PSYC210
PSYC602,PSYC101
PSYC693H,NSCI395
PSYC693H,NSCI693H
PSYC694H,NSCI693H
PSYC694H,NSCI395
PSYC694H,NSCI694H
PSYC705,PSYC404
PSYC807,PSYC806
PSYC817,PSYC811
PSYC817,PSYC812
PSYC818,PSYC817
PSYC825,PSYC811
PSYC825,PSYC812
PSYC831,PSYC830
PSYC833,PSYC830
PSYC833,PSYC831
PSYC834,PSYC830
PSYC834,PSYC831
PSYC839,PSYC830
PSYC839,PSYC831
PSYC840,PSYC831
PSYC842,PSYC831
PSYC843,PSYC831
PSYC844,PSYC831
PSYC846,PSYC830
PSYC846,PSYC831
PSYC847,PSYC830
PSYC847,PSYC831
PSYC848,PSYC830
PSYC848,PSYC831
PSYC849,PSYC830
PSYC849,PSYC831
PSYC862,PSYC867
PSYC863,PSYC867
PSYC864,PSYC867
PSYC866,PSYC867
PSYC868,PSYC867
PSYC869,PSYC867
PSYC871,PSYC867
PSYC874,PSYC863
PSYC875,PSYC870
PSYC876,PSYC869
PSYC876,PSYC870
PSYC888,PSYC869
PSYC888,PSYC870
PSYC894,EDUC784
PSYC894,PSYC831
PUBA402,HBEH611
PUBA720,PUBA719
PUBA745,PUBA709
PUBA745,PUBA710
PUBA745,PUBA719
PUBA745,PUBA720
PUBA745,PUBA721
PUBA745,PUBA723
PUBA745,PUBA731
PUBA745,PUBA760
PUBA746,PUBA709
PUBA746,PUBA710
PUBA746,PUBA711
PUBA746,PUBA719
PUBA746,PUBA720
PUBA746,PUBA721
PUBA746,PUBA723
PUBA746,PUBA731
PUBA746,PUBA760
PUBA746,PUBA745
PUBA747,PUBA709
PUBA747,PUBA710
PUBA747,PUBA719
PUBA747,PUBA720
PUBA747,PUBA721
PUBA748,PUBA709
PUBA748,PUBA710
PUBA748,PUBA711
PUBA748,PUBA719
PUBA748,PUBA720
PUBA748,PUBA721
PUBA748,PUBA723
PUBA748,PUBA731
PUBA748,PUBA760
PUBA748,PUBA747
PUBA757,570
PUBH708,SPHG713
PUBH708,PUBH734
PUBH718,PUBH791
PUBH723,SPHG721
PUBH730,PUBH791
PUBH737,SPHG711
PUBH737,SPHG712
PUBH737,SPHG713
PUBH737,PUBH734
PUBH737,PUBH736
PUBH738,PUBH737
PUBH739,SPHG713
PUBH740,PUBH734
PUBH740,PUBH736
PUBH740,PUBH737
PUBH740,PUBH738
PUBH740,PUBH739
PUBH743,SPHG711
PUBH743,SPHG712
PUBH743,SPHG713
PUBH748,PUBH791
PUBH781,PUBH791
PUBH783,SPHG711
PUBH783,SPHG712
PUBH783,SPHG713
PUBH783,SPHG711
PUBH783,SPHG712
PUBH783,SPHG713
PUBH785,PUBH791
PUBH811,PUBH810
PLCY310,ECON101
PLCY485,ECON101
PLCY505,PLCY460
PLCY527,ECON310
PLCY527,ECON410
PLCY691H,PLCY460
PLCY691H,PLCY581
PLCY692H,PLCY691H
PLCY698,PLCY460
PLCY715,PLCY460
PLCY885,PLCY882
PLCY889,PLCY888
RADI440,BIOL252
RADI440,252L
RADI461,RADI442
RADI462,RADI442
RADI463,RADI442
RADI466,RADI442
RADI467,RADI440
RADI467,RADI442
RADI471,RADI461
RADI472,RADI462
RADI473,RADI463
RADI474,RADI466
RADI474,RADI467
RADI478,RADI466
RADI478,RADI467
RADI479,RADI466
RADI479,RADI467
RADI479,RADI474
RADI479,RADI478
RADI574,RADI473
RADI575,RADI574
RADI583,RADI574
RADI583,RADI575
RADI584,RADI583
RADI585,RADI472
RADI591,RADI584
RADI670,RADI660
RECR951,RECR950
RELI212,RELI211
RELI402,RELI401
RELI403,RELI402
RELI404,RELI403
RELI409,GREK222
RELI410,RELI403
RELI410,RELI404
RELI411,RELI403
RELI411,RELI404
RELI412,RELI403
RELI412,RELI404
RELI540,RELI140
RELI607,RELI104
RELI607,RELI207
RELI607,RELI208
RELI607,RELI209
RELI607,RELI217
RELI607,RELI413
RELI609,RELI104
RELI609,RELI209
RELI609,RELI217
RELI814,RELI712
RELI818,RELI413
ROML462,ROML461
ROML578,FREN300
ROML578,ITAL300
ROML578,PORT310
ROML578,SPAN300
RUSS102,RUSS101
RUSS203,RUSS102
RUSS204,RUSS203
RUSS409,RUSS204
RUSS410,RUSS409
RUSS411,RUSS410
RUSS412,RUSS411
RUSS415,RUSS410
RUSS515,RUSS412
RUSS516,RUSS515
RUSS562,LING101
RUSS562,RUSS102
SPHG351,BIOL101
SPHG352,SPHG351
SPHG702,SPHG701
SPHG705,SPHG703
SPHG721,SPHG711
SPHG721,SPHG712
SPHG721,SPHG713
SPHG722,SPHG711
SPHG722,SPHG712
SPHG722,SPHG713
SLAV250,CZCH404
SLAV250,HUNG404
SLAV250,MACD404
SLAV250,PLSH404
SLAV250,BCS404
SOWO521,SOWO520
SOWO705,SOWO500
SOWO705,SOWO505
SOWO740,SOWO540
SOWO750,SOWO540
SOWO751,SOWO540
SOWO753,SOWO540
SOWO758,SOWO540
SOWO764,SOWO540
SOWO766,SOWO540
SOWO770,SOWO570
SOWO792,SOWO570
SOWO793,SOWO570
SOWO823,SOWO522
SOWO823,SOWO822
SOWO824,SOWO522
SOWO824,SOWO822
SOWO824,SOWO823
SOWO831,SOWO530
SOWO832,SOWO530
SOWO834,SOWO530
SOWO835,SOWO530
SOWO840,SOWO500
SOWO840,SOWO505
SOWO840,SOWO540
SOWO842,SOWO500
SOWO842,SOWO505
SOWO842,SOWO540
SOWO843,SOWO500
SOWO843,SOWO505
SOWO843,SOWO540
SOWO845,SOWO500
SOWO845,SOWO505
SOWO845,SOWO540
SOWO850,SOWO540
SOWO853,SOWO540
SOWO855,SOWO540
SOWO856,SOWO540
SOWO874,SOWO500
SOWO874,SOWO505
SOWO874,SOWO570
SOWO875,SOWO500
SOWO875,SOWO505
SOWO875,SOWO570
SOWO880,SOWO570
SOWO883,SOWO570
SOWO884,SOWO570
SOWO885,570
SOWO910,SOWO510
SOWO911,SOWO510
SOWO912,SOWO911
SOWO913,SOWO900
SOWO913,SOWO940
SOWO914,SOWO910
SOWO914,SOWO911
SOWO940,SOWO900
SOCI253,SOCI101
SOCI318,SOCI251
SOCI318,SOCI252
SOCI318,PSYC115
SOCI318,PSYC210
SOCI318,PSYC270
SOCI318,PSYC310
SOCI318,POLI281
SOCI318,POLI285
SOCI318,POLI381
SOCI318,PLCY310
SOCI318,PLCY460
SOCI318,STOR115
SOCI318,STOR120
SOCI318,STOR151
SOCI318,STOR155
SOCI318,STOR320
SOCI318,COMP210
SOCI318,COMP283
SOCI460,SOCI250
SOCI692H,SOCI691H
SOCI717,SOCI708
SOCI718,SOCI709
SOCI718,SOCI711
SOCI835,SOCI830
SPAN102,SPAN100
SPAN102,SPAN101
SPAN203,SPAN102
SPAN203,SPAN105
SPAN203,SPAN111
SPAN203,SPAN401
SPAN204,SPAN203
SPAN205,SPAN203
SPAN212,SPAN111
SPAN255,SPAN204
SPAN255,SPAN212
SPAN255,SPAN402
SPAN261,SPAN204
SPAN266,SPAN204
SPAN267,SPAN204
SPAN267,SPAN205
SPAN300,SPAN261
SPAN300,SPAN267
SPAN301,SPAN261
SPAN301,SPAN267
SPAN302,SPAN261
SPAN302,SPAN267
SPAN308,SPAN204
SPAN320,SPAN261
SPAN320,SPAN267
SPAN321,SPAN261
SPAN321,SPAN267
SPAN323,SPAN261
SPAN323,SPAN267
SPAN324,SPAN261
SPAN324,SPAN267
SPAN324,SPAN323
SPAN325,SPAN261
SPAN325,SPAN267
SPAN325,SPAN320
SPAN328,SPAN261
SPAN328,SPAN267
SPAN328,SPAN321
SPAN329,SPAN324
SPAN329,SPAN325
SPAN329,SPAN328
SPAN338,SPAN261
SPAN338,SPAN267
SPAN340,SPAN261
SPAN340,SPAN267
SPAN344,SPAN261
SPAN344,SPAN267
SPAN351,SPAN261
SPAN351,SPAN267
SPAN351,SPAN300
SPAN351,SPAN301
SPAN351,SPAN302
SPAN352,SPAN351
SPAN360,SPAN300
SPAN360,SPAN301
SPAN361,SPAN261
SPAN361,SPAN267
SPAN369,SPAN261
SPAN369,SPAN267
SPAN369,SPAN300
SPAN370,SPAN369
SPAN371,SPAN301
SPAN371,SPAN302
SPAN373,SPAN301
SPAN373,SPAN302
SPAN374,SPAN301
SPAN374,SPAN302
SPAN375,SPAN261
SPAN375,SPAN267
SPAN376,SPAN300
SPAN376,SPAN301
SPAN378,SPAN360
SPAN378,SPAN376
SPAN379,SPAN301
SPAN379,SPAN302
SPAN379,SPAN371
SPAN379,SPAN373
SPAN380,SPAN371
SPAN380,SPAN373
SPAN381,SPAN371
SPAN381,SPAN373
SPAN382,SPAN371
SPAN382,SPAN373
SPAN383,SPAN371
SPAN383,SPAN373
SPAN384,SPAN371
SPAN384,SPAN373
SPAN385,SPAN371
SPAN385,SPAN373
SPAN386,SPAN371
SPAN386,SPAN373
SPAN387,SPAN301
SPAN387,SPAN302
SPAN387,SPAN371
SPAN387,SPAN373
SPAN388,SPAN301
SPAN388,SPAN302
SPAN388,SPAN371
SPAN388,SPAN373
SPAN389,SPAN301
SPAN389,SPAN302
SPAN389,SPAN371
SPAN389,SPAN373
SPAN394,SPAN338
SPAN394,SPAN340
SPAN394,SPAN344
SPAN394,SPAN371
SPAN394,SPAN373
SPAN397,SPAN360
SPAN397,SPAN376
SPAN398,SPAN371
SPAN398,SPAN373
SPAN402,SPAN102
SPAN402,SPAN105
SPAN402,SPAN111
SPAN402,SPAN401
SPAN405,SPAN102
SPAN405,SPAN404
SPAN415,SPAN414
SPAN417,SPAN416
SPAN613,SPAN371
SPAN613,SPAN373
SPAN614,SPAN371
SPAN614,SPAN373
SPAN617,SPAN371
SPAN617,SPAN373
SPAN620,SPAN371
SPAN620,SPAN373
SPAN621,SPAN301
SPAN621,SPAN302
SPAN650,SPAN371
SPAN650,SPAN373
SPAN661,SPAN361
SPAN676,SPAN376
SPAN677,SPAN360
SPAN678,SPAN360
SPAN679,SPAN360
SPAN680,SPAN360
SPAN681,SPAN360
SPAN682,SPAN360
SPAN682,SPAN376
SPAN682,SPAN378
SPAN683,SPAN360
SPAN684,SPAN360
SPHS402,SPHS401
SPHS708,SPHS715
SPHS708,SPHS811
SPHS710,SPHS582
SPHS725,SPHS582
SPHS741,SPHS570
SPHS742,SPHS570
SPHS743,SPHS530
SPHS744,SPHS540
SPHS744,SPHS570
SPHS745,SPHS741
SPHS749,SPHS540
SPHS749,SPHS570
SPHS777,SPHS776
SPHS779,SPHS776
SPHS779,SPHS777
SPHS779,SPHS778
SPHS792,SPHS754
SPHS808,SPHS712
SPHS808,SPHS813
SPHS812,SPHS712
SPHS812,SPHS811
SPHS813,SPHS712
SPHS813L,SPHS712
SPHS814,SPHS710
SPHS814,SPHS715
SPHS814,SPHS722
SPHS814L,SPHS710
SPHS814L,SPHS715
SPHS814L,SPHS722
SPHS815,SPHS582
SPHS816,SPHS582
SPHS818L,SPHS710
SPHS819,SPHS710
SPHS819,871L
SPHS827,SPHS715
SPHS827,SPHS725
SPHS832,SPHS833
SPHS863,SPHS832
SPHS863,SPHS836
STOR113,MATH110
STOR151,MATH110
STOR155,MATH110
STOR215,MATH110
STOR235,MATH231
STOR235,MATH232
STOR291,STOR120
STOR305,STOR120
STOR305,STOR155
STOR305,MATH152
STOR315,MATH232
STOR320,STOR120
STOR320,STOR155
STOR358,BIOS650
STOR415,MATH347
STOR415,STOR315
STOR435,STOR235
STOR435,MATH233
STOR435,STOR215
STOR435,MATH381
STOR435,COMP283
STOR445,BIOS660
STOR445,STOR435
STOR445,STOR535
STOR455,STOR120
STOR455,STOR155
STOR471,STOR435
STOR471,STOR535
STOR472,STOR435
STOR472,STOR535
STOR475,STOR435
STOR475,STOR535
STOR515,STOR435
STOR515,STOR535
STOR515,MATH347
STOR520,STOR435
STOR520,STOR535
STOR520,STOR455
STOR535,STOR235
STOR535,MATH233
STOR535,STOR215
STOR535,MATH381
STOR535,COMP283
STOR538,STOR320
STOR538,STOR455
STOR555,STOR435
STOR555,STOR535
STOR556,STOR435
STOR556,STOR535
STOR556,STOR455
STOR557,STOR435
STOR557,STOR535
STOR557,STOR455
STOR565,STOR215
STOR565,MATH381
STOR565,STOR435
STOR565,STOR535
STOR566,STOR435
STOR566,STOR535
STOR566,COMP110
STOR566,COMP116
STOR572,STOR120
STOR572,STOR155
STOR572,STOR435
STOR572,STOR535
STOR612,MATH347
STOR612,MATH521
STOR614,STOR612
STOR635,STOR634
STOR641,STOR435
STOR641,STOR535
STOR642,STOR641
STOR655,STOR654
STOR665,STOR664
STOR672,STOR555
STOR672,STOR641
STOR674,STOR320
STOR674,STOR664
STOR712,STOR612
STOR713,STOR712
STOR722,STOR614
STOR734,STOR435
STOR743,STOR641
STOR754,STOR435
STOR754,STOR555
STOR755,STOR635
STOR755,STOR655
STOR757,STOR555
STOR767,STOR654
STOR767,STOR655
STOR767,STOR664
STOR767,STOR665
STOR822,STOR712
STOR824,STOR712
STOR831,STOR634
STOR831,STOR635
STOR832,STOR634
STOR832,STOR635
STOR834,STOR635
STOR834,STOR654
STOR835,STOR635
STOR836,STOR634
STOR836,STOR635
STOR854,STOR635
STOR854,STOR655
STOR940,STOR655
STOR960,STOR655
ARTS205,ARTS105
ARTS206,ARTS106
ARTS209,ARTS104
ARTS214,ARTS104
ARTS215,ARTS115
ARTS238,ARTS102
ARTS302,ARTS202
ARTS309,ARTS209
ARTS313,ARTS213
ARTS322,ARTS202
ARTS324,ARTS104
ARTS352,ARTS202
ARTS354,ARTS104
ARTS355,ARTS105
ARTS358,ARTS208
ARTS368,ARTS208
ARTS402,ARTS302
ARTS402,ARTS322
ARTS402,ARTS352
ARTS409,BIOL409L
ARTS410,ARTS302
ARTS413,ARTS313
ARTS416,ARTS106
ARTS416,ARTS206
ARTS418,ARTS208
ARTS418,ARTS238
ARTS428,ARTS102
ARTS458,ARTS105
ARTS458,ARTS208
ARTS657,ARTS105
ARTS657,ARTS106
ARTS657,ARTS209
ARTS657,COMM130
ARTS692H,ARTS691H
TOXC442,CHEM430
TOXC702,CHEM430
TOXC707,PHCO702
TOXC992,TOXC442
TOXC992,TOXC707
TURK102,TURK101
TURK203,TURK102
TURK204,TURK203
TURK305,TURK204
UKRN402,UKRN401
VIET102,VIET101
VIET203,VIET102
VIET204,VIET203
WOLO402,WOLO401
WOLO403,WOLO402
WOLO404,WOLO403
WOLO405,WOLO404
WOLO406,WOLO405
WGST202,WGST101
WGST368,WGST101
WGST386,AAAD101
WGST386,AAAD130
WGST388,WGST101
WGST393,WGST101
WGST402,WGST202
WGST405,WGST101
WGST405,WGST111
WGST410,WGST101
WGST460,WGST101
WGST465,WGST101
WGST475,PHIL275
WGST475,WGST101
WGST524,COMM224
WGST553,WGST101
WGST553,WGST202
WGST555,WGST101
WGST555,WGST202
WGST561,COMM160
WGST573,PSYC101
WGST573,WGST101
WGST620,SPAN371
WGST620,SPAN373
WGST691H,WGST101
WGST691H,WGST202
WGST692H,WGST691H
WGST695,WGST101
WGST695,WGST202
YORU402,YORU401
